credit_report_id,customer_id,linkedin_activity_level,linkedin_connections_count,linkedin_endorsements,twitter_activity_level,twitter_followers_count,twitter_verified_flag,facebook_friends_count,facebook_posts_last_6m,facebook_engagement_score,youtube_channel_subscribers,youtube_avg_views,youtube_monetized_flag
CR00000,CUST00000,,,,,,,,,,,,
CR00001,CUST00001,,,,,,,,,,,,
CR00002,CUST00002,low,123.0,31.0,medium,7924.0,0.0,1920.0,47.0,0.36,94194.0,5203.0,0.0
CR00003,CUST00003,high,183.0,93.0,low,2466.0,0.0,1713.0,31.0,0.95,9907.0,39374.0,0.0
CR00004,CUST00004,high,585.0,39.0,high,2417.0,0.0,1143.0,61.0,0.76,98560.0,49601.0,0.0
CR00005,CUST00005,,,,,,,,,,,,
CR00006,CUST00006,,,,,,,,,,,,
CR00007,CUST00007,medium,190.0,32.0,low,6275.0,1.0,1932.0,3.0,0.79,50460.0,29281.0,0.0
CR00008,CUST00008,medium,651.0,19.0,high,4116.0,0.0,1866.0,22.0,0.94,3936.0,33166.0,0.0
CR00009,CUST00009,,,,,,,,,,,,
CR00010,CUST00010,high,531.0,80.0,high,3095.0,0.0,1757.0,3.0,0.17,22150.0,22061.0,0.0
CR00011,CUST00011,,,,,,,,,,,,
CR00012,CUST00012,low,520.0,32.0,high,8167.0,0.0,1179.0,33.0,0.6,9815.0,21966.0,0.0
CR00013,CUST00013,medium,202.0,54.0,high,4980.0,0.0,1726.0,2.0,0.48,52714.0,1499.0,0.0
CR00014,CUST00014,low,508.0,23.0,low,2888.0,0.0,1757.0,38.0,0.96,15634.0,39499.0,0.0
CR00015,CUST00015,,,,,,,,,,,,
CR00016,CUST00016,,,,,,,,,,,,
CR00017,CUST00017,medium,992.0,29.0,low,6447.0,0.0,124.0,47.0,0.62,78609.0,11371.0,0.0
CR00018,CUST00018,low,278.0,47.0,high,367.0,0.0,303.0,60.0,0.69,78872.0,19843.0,0.0
CR00019,CUST00019,,,,,,,,,,,,
CR00020,CUST00020,,,,,,,,,,,,
CR00021,CUST00021,,,,,,,,,,,,
CR00022,CUST00022,,,,,,,,,,,,
CR00023,CUST00023,,,,,,,,,,,,
CR00024,CUST00024,,,,,,,,,,,,
CR00025,CUST00025,,,,,,,,,,,,
CR00026,CUST00026,high,446.0,41.0,low,6754.0,0.0,489.0,46.0,0.47,26583.0,28706.0,0.0
CR00027,CUST00027,,,,,,,,,,,,
CR00028,CUST00028,low,721.0,23.0,high,618.0,0.0,524.0,68.0,0.79,42348.0,9886.0,1.0
CR00029,CUST00029,,,,,,,,,,,,
CR00030,CUST00030,,,,,,,,,,,,
CR00031,CUST00031,,,,,,,,,,,,
CR00032,CUST00032,low,843.0,85.0,medium,8111.0,0.0,530.0,51.0,0.37,81256.0,5543.0,0.0
CR00033,CUST00033,low,63.0,43.0,high,5835.0,0.0,1539.0,47.0,0.13,26255.0,20130.0,0.0
CR00034,CUST00034,low,564.0,67.0,low,3417.0,0.0,357.0,28.0,0.51,35162.0,22852.0,0.0
CR00035,CUST00035,,,,,,,,,,,,
CR00036,CUST00036,,,,,,,,,,,,
CR00037,CUST00037,,,,,,,,,,,,
CR00038,CUST00038,,,,,,,,,,,,
CR00039,CUST00039,,,,,,,,,,,,
CR00040,CUST00040,low,648.0,32.0,low,2334.0,0.0,1673.0,43.0,0.88,82096.0,46644.0,0.0
CR00041,CUST00041,high,930.0,65.0,low,7714.0,0.0,228.0,10.0,0.43,8389.0,17352.0,1.0
CR00042,CUST00042,,,,,,,,,,,,
CR00043,CUST00043,,,,,,,,,,,,
CR00044,CUST00044,,,,,,,,,,,,
CR00045,CUST00045,,,,,,,,,,,,
CR00046,CUST00046,,,,,,,,,,,,
CR00047,CUST00047,low,718.0,84.0,medium,2604.0,0.0,1960.0,71.0,0.1,57114.0,40711.0,0.0
CR00048,CUST00048,high,622.0,27.0,medium,570.0,0.0,1018.0,6.0,0.02,32486.0,30340.0,0.0
CR00049,CUST00049,,,,,,,,,,,,
CR00050,CUST00050,,,,,,,,,,,,
CR00051,CUST00051,medium,64.0,63.0,medium,729.0,1.0,409.0,5.0,0.87,56550.0,10161.0,1.0
CR00052,CUST00052,medium,970.0,27.0,medium,7897.0,0.0,950.0,64.0,0.77,22695.0,24952.0,0.0
CR00053,CUST00053,,,,,,,,,,,,
CR00054,CUST00054,medium,411.0,97.0,high,5463.0,0.0,1060.0,76.0,0.96,19861.0,24125.0,1.0
CR00055,CUST00055,low,835.0,47.0,high,9964.0,0.0,1978.0,22.0,0.84,68089.0,15489.0,0.0
CR00056,CUST00056,low,601.0,62.0,medium,9331.0,0.0,1422.0,74.0,0.51,44557.0,2555.0,0.0
CR00057,CUST00057,low,912.0,74.0,medium,4821.0,0.0,1327.0,87.0,0.76,40462.0,6298.0,0.0
CR00058,CUST00058,medium,76.0,11.0,high,2689.0,0.0,243.0,6.0,0.62,86900.0,33706.0,0.0
CR00059,CUST00059,,,,,,,,,,,,
CR00060,CUST00060,,,,,,,,,,,,
CR00061,CUST00061,,,,,,,,,,,,
CR00062,CUST00062,medium,948.0,45.0,high,4099.0,0.0,1410.0,2.0,0.81,5950.0,35694.0,0.0
CR00063,CUST00063,medium,884.0,61.0,high,7066.0,0.0,493.0,96.0,0.23,96666.0,17061.0,0.0
CR00064,CUST00064,low,502.0,34.0,medium,3756.0,0.0,1442.0,17.0,0.67,32977.0,4983.0,1.0
CR00065,CUST00065,,,,,,,,,,,,
CR00066,CUST00066,,,,,,,,,,,,
CR00067,CUST00067,,,,,,,,,,,,
CR00068,CUST00068,low,951.0,81.0,medium,8080.0,0.0,676.0,38.0,0.96,66786.0,4758.0,1.0
CR00069,CUST00069,low,649.0,61.0,low,853.0,0.0,1918.0,39.0,0.03,41862.0,19728.0,0.0
CR00070,CUST00070,,,,,,,,,,,,
CR00071,CUST00071,high,995.0,23.0,high,6501.0,0.0,141.0,82.0,0.07,2164.0,27188.0,0.0
CR00072,CUST00072,medium,826.0,5.0,medium,6038.0,0.0,1448.0,34.0,0.62,77714.0,38936.0,0.0
CR00073,CUST00073,low,834.0,35.0,high,3645.0,0.0,1862.0,17.0,0.26,84224.0,653.0,0.0
CR00074,CUST00074,low,868.0,78.0,medium,543.0,0.0,623.0,0.0,0.44,42240.0,35807.0,0.0
CR00075,CUST00075,high,736.0,99.0,medium,2837.0,0.0,1193.0,71.0,0.8,44941.0,5933.0,0.0
CR00076,CUST00076,medium,935.0,74.0,low,6433.0,0.0,664.0,87.0,0.52,14323.0,37693.0,0.0
CR00077,CUST00077,,,,,,,,,,,,
CR00078,CUST00078,,,,,,,,,,,,
CR00079,CUST00079,high,132.0,52.0,low,5883.0,0.0,1095.0,67.0,0.32,30273.0,26234.0,0.0
CR00080,CUST00080,medium,172.0,61.0,low,6544.0,0.0,1140.0,8.0,0.6,41353.0,16011.0,0.0
CR00081,CUST00081,medium,710.0,20.0,medium,7716.0,0.0,1418.0,63.0,0.01,36368.0,5279.0,0.0
CR00082,CUST00082,medium,793.0,20.0,high,1898.0,0.0,807.0,26.0,0.22,98075.0,14030.0,0.0
CR00083,CUST00083,low,96.0,81.0,medium,7509.0,0.0,1443.0,32.0,0.95,1293.0,22443.0,0.0
CR00084,CUST00084,,,,,,,,,,,,
CR00085,CUST00085,,,,,,,,,,,,
CR00086,CUST00086,,,,,,,,,,,,
CR00087,CUST00087,high,213.0,12.0,high,6376.0,0.0,1879.0,49.0,0.37,97847.0,38206.0,0.0
CR00088,CUST00088,medium,609.0,89.0,medium,158.0,0.0,548.0,89.0,0.61,27190.0,7296.0,0.0
CR00089,CUST00089,low,437.0,84.0,medium,9825.0,0.0,1510.0,57.0,0.44,25666.0,43794.0,1.0
CR00090,CUST00090,medium,392.0,32.0,low,3290.0,0.0,1736.0,4.0,0.59,86661.0,23216.0,0.0
CR00091,CUST00091,low,638.0,75.0,low,8807.0,0.0,1009.0,36.0,0.16,83583.0,41516.0,0.0
CR00092,CUST00092,,,,,,,,,,,,
CR00093,CUST00093,,,,,,,,,,,,
CR00094,CUST00094,,,,,,,,,,,,
CR00095,CUST00095,low,697.0,39.0,low,9284.0,0.0,1078.0,27.0,0.98,66640.0,17654.0,1.0
CR00096,CUST00096,,,,,,,,,,,,
CR00097,CUST00097,high,698.0,1.0,high,3746.0,0.0,677.0,30.0,0.26,9145.0,23042.0,0.0
CR00098,CUST00098,medium,617.0,72.0,low,8301.0,0.0,611.0,46.0,0.68,52189.0,2749.0,0.0
CR00099,CUST00099,,,,,,,,,,,,
CR00100,CUST00100,,,,,,,,,,,,
CR00101,CUST00101,,,,,,,,,,,,
CR00102,CUST00102,low,387.0,64.0,medium,3873.0,0.0,66.0,7.0,0.47,73511.0,10960.0,1.0
CR00103,CUST00103,high,602.0,11.0,medium,8406.0,0.0,487.0,88.0,0.47,70459.0,39235.0,0.0
CR00104,CUST00104,medium,343.0,60.0,high,5748.0,0.0,1365.0,73.0,0.94,12303.0,15128.0,0.0
CR00105,CUST00105,low,974.0,55.0,low,6761.0,0.0,472.0,0.0,0.01,91070.0,48322.0,0.0
CR00106,CUST00106,low,664.0,20.0,high,6224.0,0.0,850.0,47.0,0.32,59757.0,6659.0,0.0
CR00107,CUST00107,high,477.0,88.0,high,5720.0,0.0,1300.0,51.0,0.45,96576.0,39945.0,0.0
CR00108,CUST00108,,,,,,,,,,,,
CR00109,CUST00109,high,371.0,48.0,medium,5497.0,0.0,1803.0,8.0,0.93,63219.0,37822.0,0.0
CR00110,CUST00110,,,,,,,,,,,,
CR00111,CUST00111,,,,,,,,,,,,
CR00112,CUST00112,,,,,,,,,,,,
CR00113,CUST00113,high,809.0,13.0,medium,2218.0,0.0,636.0,86.0,0.65,53121.0,19874.0,0.0
CR00114,CUST00114,low,935.0,91.0,medium,8015.0,0.0,1275.0,5.0,0.29,44653.0,16482.0,1.0
CR00115,CUST00115,,,,,,,,,,,,
CR00116,CUST00116,medium,251.0,95.0,medium,8870.0,1.0,576.0,16.0,0.5,53106.0,48786.0,1.0
CR00117,CUST00117,medium,502.0,23.0,low,5011.0,0.0,480.0,43.0,0.27,87123.0,32959.0,1.0
CR00118,CUST00118,,,,,,,,,,,,
CR00119,CUST00119,,,,,,,,,,,,
CR00120,CUST00120,high,885.0,4.0,medium,9624.0,0.0,1863.0,6.0,0.35,26141.0,36989.0,0.0
CR00121,CUST00121,high,128.0,4.0,low,1658.0,0.0,1078.0,22.0,0.97,5656.0,8967.0,1.0
CR00122,CUST00122,low,563.0,21.0,low,1978.0,0.0,1141.0,63.0,0.78,93526.0,3665.0,0.0
CR00123,CUST00123,,,,,,,,,,,,
CR00124,CUST00124,,,,,,,,,,,,
CR00125,CUST00125,,,,,,,,,,,,
CR00126,CUST00126,low,782.0,86.0,medium,2244.0,1.0,1411.0,53.0,0.96,36230.0,48242.0,0.0
CR00127,CUST00127,high,112.0,97.0,medium,6666.0,0.0,894.0,23.0,0.32,66770.0,34752.0,0.0
CR00128,CUST00128,medium,620.0,32.0,low,1795.0,0.0,406.0,40.0,0.05,49393.0,28022.0,1.0
CR00129,CUST00129,,,,,,,,,,,,
CR00130,CUST00130,high,196.0,53.0,low,5261.0,1.0,592.0,51.0,0.39,12197.0,3359.0,0.0
CR00131,CUST00131,low,561.0,7.0,high,9021.0,0.0,666.0,19.0,0.63,50302.0,15624.0,0.0
CR00132,CUST00132,,,,,,,,,,,,
CR00133,CUST00133,medium,64.0,97.0,low,7227.0,0.0,794.0,62.0,0.84,15636.0,25348.0,0.0
CR00134,CUST00134,,,,,,,,,,,,
CR00135,CUST00135,medium,390.0,67.0,low,7260.0,0.0,1263.0,34.0,0.69,33556.0,18255.0,0.0
CR00136,CUST00136,high,211.0,14.0,low,7529.0,0.0,1897.0,48.0,0.02,44864.0,49691.0,1.0
CR00137,CUST00137,high,481.0,71.0,medium,3389.0,1.0,866.0,24.0,0.74,15784.0,38079.0,0.0
CR00138,CUST00138,low,288.0,80.0,medium,2600.0,0.0,1875.0,47.0,0.74,54818.0,31862.0,0.0
CR00139,CUST00139,,,,,,,,,,,,
CR00140,CUST00140,low,803.0,35.0,medium,7730.0,0.0,804.0,41.0,0.22,13418.0,34854.0,1.0
CR00141,CUST00141,medium,61.0,82.0,low,1249.0,1.0,1155.0,50.0,0.0,10273.0,33519.0,0.0
CR00142,CUST00142,medium,707.0,60.0,medium,9372.0,0.0,1590.0,88.0,0.67,67519.0,24890.0,0.0
CR00143,CUST00143,low,59.0,36.0,low,7748.0,0.0,687.0,10.0,0.65,31174.0,44179.0,0.0
CR00144,CUST00144,,,,,,,,,,,,
CR00145,CUST00145,,,,,,,,,,,,
CR00146,CUST00146,,,,,,,,,,,,
CR00147,CUST00147,high,778.0,46.0,high,7154.0,0.0,1817.0,61.0,0.24,72651.0,31107.0,1.0
CR00148,CUST00148,low,258.0,30.0,low,3468.0,0.0,1842.0,11.0,0.04,35255.0,19987.0,1.0
CR00149,CUST00149,,,,,,,,,,,,
CR00150,CUST00150,high,896.0,37.0,low,1743.0,0.0,657.0,58.0,0.15,53629.0,49760.0,0.0
CR00151,CUST00151,,,,,,,,,,,,
CR00152,CUST00152,low,291.0,2.0,medium,9920.0,0.0,1718.0,55.0,0.64,34421.0,2502.0,0.0
CR00153,CUST00153,low,935.0,0.0,high,3503.0,0.0,714.0,93.0,0.68,23324.0,47198.0,0.0
CR00154,CUST00154,,,,,,,,,,,,
CR00155,CUST00155,,,,,,,,,,,,
CR00156,CUST00156,,,,,,,,,,,,
CR00157,CUST00157,high,196.0,3.0,medium,3294.0,0.0,1777.0,71.0,0.09,70886.0,33301.0,0.0
CR00158,CUST00158,medium,179.0,35.0,low,3059.0,0.0,975.0,54.0,0.51,52249.0,37628.0,0.0
CR00159,CUST00159,,,,,,,,,,,,
CR00160,CUST00160,,,,,,,,,,,,
CR00161,CUST00161,,,,,,,,,,,,
CR00162,CUST00162,medium,292.0,55.0,low,823.0,0.0,787.0,55.0,0.07,63281.0,339.0,0.0
CR00163,CUST00163,,,,,,,,,,,,
CR00164,CUST00164,,,,,,,,,,,,
CR00165,CUST00165,low,447.0,59.0,medium,3151.0,0.0,1560.0,75.0,0.19,66909.0,7082.0,1.0
CR00166,CUST00166,low,862.0,50.0,low,7693.0,0.0,1743.0,36.0,0.16,55476.0,30346.0,0.0
CR00167,CUST00167,medium,934.0,79.0,medium,4245.0,0.0,744.0,3.0,0.89,18748.0,5230.0,0.0
CR00168,CUST00168,,,,,,,,,,,,
CR00169,CUST00169,low,812.0,4.0,high,6855.0,0.0,963.0,43.0,0.01,57693.0,35732.0,0.0
CR00170,CUST00170,,,,,,,,,,,,
CR00171,CUST00171,,,,,,,,,,,,
CR00172,CUST00172,medium,104.0,67.0,high,3724.0,0.0,268.0,79.0,0.4,44771.0,28756.0,0.0
CR00173,CUST00173,,,,,,,,,,,,
CR00174,CUST00174,,,,,,,,,,,,
CR00175,CUST00175,,,,,,,,,,,,
CR00176,CUST00176,,,,,,,,,,,,
CR00177,CUST00177,,,,,,,,,,,,
CR00178,CUST00178,,,,,,,,,,,,
CR00179,CUST00179,,,,,,,,,,,,
CR00180,CUST00180,,,,,,,,,,,,
CR00181,CUST00181,high,921.0,44.0,medium,5554.0,0.0,734.0,54.0,0.67,35829.0,5919.0,0.0
CR00182,CUST00182,,,,,,,,,,,,
CR00183,CUST00183,high,331.0,36.0,low,1392.0,0.0,1610.0,12.0,0.64,67603.0,31478.0,0.0
CR00184,CUST00184,,,,,,,,,,,,
CR00185,CUST00185,high,762.0,20.0,medium,2018.0,0.0,75.0,53.0,0.63,3048.0,33290.0,0.0
CR00186,CUST00186,,,,,,,,,,,,
CR00187,CUST00187,low,132.0,33.0,medium,8841.0,0.0,882.0,2.0,0.78,89907.0,33053.0,0.0
CR00188,CUST00188,medium,418.0,14.0,low,1545.0,0.0,746.0,58.0,0.81,56319.0,9106.0,0.0
CR00189,CUST00189,,,,,,,,,,,,
CR00190,CUST00190,high,718.0,40.0,low,4526.0,0.0,1228.0,18.0,0.1,22706.0,42916.0,0.0
CR00191,CUST00191,low,816.0,91.0,medium,5955.0,0.0,1332.0,95.0,0.63,78455.0,9602.0,1.0
CR00192,CUST00192,,,,,,,,,,,,
CR00193,CUST00193,,,,,,,,,,,,
CR00194,CUST00194,medium,220.0,28.0,medium,3755.0,0.0,208.0,62.0,0.43,17401.0,27729.0,0.0
CR00195,CUST00195,medium,161.0,47.0,medium,9119.0,0.0,676.0,2.0,0.47,2056.0,31719.0,0.0
CR00196,CUST00196,high,962.0,96.0,medium,4985.0,0.0,1116.0,2.0,0.03,83463.0,31317.0,0.0
CR00197,CUST00197,,,,,,,,,,,,
CR00198,CUST00198,medium,699.0,28.0,high,5131.0,0.0,1061.0,20.0,0.16,86472.0,6123.0,0.0
CR00199,CUST00199,,,,,,,,,,,,
CR00200,CUST00200,high,314.0,19.0,high,6427.0,0.0,1621.0,72.0,0.48,76868.0,37832.0,0.0
CR00201,CUST00201,high,772.0,71.0,high,7875.0,0.0,789.0,42.0,0.72,69854.0,11479.0,0.0
CR00202,CUST00202,,,,,,,,,,,,
CR00203,CUST00203,,,,,,,,,,,,
CR00204,CUST00204,high,218.0,72.0,low,525.0,1.0,1269.0,7.0,0.16,23053.0,34892.0,0.0
CR00205,CUST00205,,,,,,,,,,,,
CR00206,CUST00206,,,,,,,,,,,,
CR00207,CUST00207,,,,,,,,,,,,
CR00208,CUST00208,,,,,,,,,,,,
CR00209,CUST00209,low,969.0,49.0,high,8757.0,0.0,1393.0,25.0,0.39,18744.0,18423.0,0.0
CR00210,CUST00210,medium,357.0,94.0,high,5894.0,0.0,138.0,94.0,0.54,19763.0,48673.0,0.0
CR00211,CUST00211,,,,,,,,,,,,
CR00212,CUST00212,high,216.0,7.0,low,7904.0,0.0,974.0,21.0,0.35,73404.0,42026.0,0.0
CR00213,CUST00213,,,,,,,,,,,,
CR00214,CUST00214,medium,923.0,80.0,medium,5250.0,0.0,177.0,37.0,0.38,95619.0,34433.0,0.0
CR00215,CUST00215,,,,,,,,,,,,
CR00216,CUST00216,,,,,,,,,,,,
CR00217,CUST00217,,,,,,,,,,,,
CR00218,CUST00218,,,,,,,,,,,,
CR00219,CUST00219,high,759.0,71.0,high,9560.0,0.0,1902.0,34.0,0.75,59790.0,7660.0,0.0
CR00220,CUST00220,medium,514.0,67.0,low,3961.0,0.0,1607.0,26.0,0.68,77179.0,28274.0,0.0
CR00221,CUST00221,medium,791.0,8.0,medium,4423.0,0.0,1007.0,44.0,0.84,98873.0,8411.0,0.0
CR00222,CUST00222,medium,810.0,15.0,high,2222.0,0.0,123.0,17.0,0.79,39978.0,16433.0,0.0
CR00223,CUST00223,medium,780.0,58.0,medium,4771.0,0.0,1215.0,6.0,0.66,65950.0,47861.0,0.0
CR00224,CUST00224,high,612.0,28.0,high,2516.0,0.0,945.0,89.0,0.84,31676.0,22056.0,0.0
CR00225,CUST00225,,,,,,,,,,,,
CR00226,CUST00226,high,541.0,56.0,low,9944.0,0.0,739.0,16.0,0.57,41495.0,24930.0,0.0
CR00227,CUST00227,high,154.0,18.0,medium,1445.0,0.0,1011.0,14.0,0.59,82850.0,27332.0,0.0
CR00228,CUST00228,high,905.0,6.0,medium,3460.0,0.0,1730.0,41.0,0.52,59303.0,39878.0,0.0
CR00229,CUST00229,high,946.0,78.0,medium,8914.0,0.0,724.0,68.0,0.66,9360.0,32692.0,0.0
CR00230,CUST00230,,,,,,,,,,,,
CR00231,CUST00231,,,,,,,,,,,,
CR00232,CUST00232,medium,683.0,28.0,high,8683.0,0.0,818.0,28.0,0.73,4260.0,37596.0,0.0
CR00233,CUST00233,low,273.0,51.0,high,1974.0,0.0,178.0,6.0,0.3,10977.0,26694.0,0.0
CR00234,CUST00234,,,,,,,,,,,,
CR00235,CUST00235,medium,52.0,28.0,high,4217.0,0.0,924.0,92.0,0.42,92917.0,29508.0,0.0
CR00236,CUST00236,high,774.0,89.0,high,7513.0,0.0,1861.0,22.0,0.25,30740.0,49408.0,0.0
CR00237,CUST00237,low,100.0,62.0,high,7537.0,0.0,867.0,33.0,0.29,42032.0,38516.0,0.0
CR00238,CUST00238,,,,,,,,,,,,
CR00239,CUST00239,,,,,,,,,,,,
CR00240,CUST00240,,,,,,,,,,,,
CR00241,CUST00241,,,,,,,,,,,,
CR00242,CUST00242,medium,824.0,96.0,low,3120.0,1.0,1714.0,12.0,0.48,64198.0,8066.0,0.0
CR00243,CUST00243,,,,,,,,,,,,
CR00244,CUST00244,high,146.0,16.0,medium,4880.0,0.0,235.0,55.0,0.16,71895.0,14364.0,0.0
CR00245,CUST00245,medium,103.0,26.0,high,9929.0,0.0,606.0,86.0,0.3,41936.0,29372.0,0.0
CR00246,CUST00246,,,,,,,,,,,,
CR00247,CUST00247,,,,,,,,,,,,
CR00248,CUST00248,medium,341.0,4.0,high,8209.0,1.0,98.0,5.0,0.51,51423.0,25622.0,0.0
CR00249,CUST00249,,,,,,,,,,,,
CR00250,CUST00250,,,,,,,,,,,,
CR00251,CUST00251,,,,,,,,,,,,
CR00252,CUST00252,,,,,,,,,,,,
CR00253,CUST00253,medium,159.0,83.0,high,3983.0,0.0,1245.0,57.0,0.15,81459.0,38469.0,0.0
CR00254,CUST00254,low,200.0,43.0,low,3638.0,0.0,1680.0,43.0,0.56,79003.0,205.0,0.0
CR00255,CUST00255,medium,740.0,59.0,medium,6241.0,0.0,832.0,82.0,0.46,38798.0,49330.0,0.0
CR00256,CUST00256,,,,,,,,,,,,
CR00257,CUST00257,high,162.0,0.0,high,8450.0,0.0,1889.0,29.0,0.23,45038.0,34310.0,1.0
CR00258,CUST00258,high,308.0,62.0,high,1481.0,0.0,476.0,93.0,0.47,69110.0,36497.0,0.0
CR00259,CUST00259,medium,169.0,60.0,low,7576.0,0.0,524.0,39.0,0.85,90388.0,30684.0,0.0
CR00260,CUST00260,high,948.0,30.0,medium,4442.0,0.0,76.0,72.0,0.56,30041.0,10715.0,1.0
CR00261,CUST00261,,,,,,,,,,,,
CR00262,CUST00262,medium,336.0,64.0,medium,4407.0,0.0,704.0,33.0,0.21,69123.0,30023.0,0.0
CR00263,CUST00263,low,778.0,78.0,low,6271.0,1.0,322.0,57.0,0.27,32264.0,40222.0,0.0
CR00264,CUST00264,medium,367.0,18.0,low,9908.0,0.0,1531.0,54.0,0.72,68207.0,43739.0,0.0
CR00265,CUST00265,,,,,,,,,,,,
CR00266,CUST00266,,,,,,,,,,,,
CR00267,CUST00267,,,,,,,,,,,,
CR00268,CUST00268,,,,,,,,,,,,
CR00269,CUST00269,,,,,,,,,,,,
CR00270,CUST00270,high,293.0,49.0,medium,2724.0,0.0,256.0,51.0,0.01,18212.0,28174.0,0.0
CR00271,CUST00271,,,,,,,,,,,,
CR00272,CUST00272,,,,,,,,,,,,
CR00273,CUST00273,,,,,,,,,,,,
CR00274,CUST00274,,,,,,,,,,,,
CR00275,CUST00275,low,251.0,8.0,high,8079.0,0.0,1610.0,55.0,0.79,74329.0,38207.0,0.0
CR00276,CUST00276,,,,,,,,,,,,
CR00277,CUST00277,low,229.0,88.0,low,9683.0,1.0,699.0,9.0,0.76,23897.0,23010.0,0.0
CR00278,CUST00278,,,,,,,,,,,,
CR00279,CUST00279,high,708.0,37.0,low,4841.0,0.0,1888.0,44.0,0.21,88116.0,38973.0,0.0
CR00280,CUST00280,,,,,,,,,,,,
CR00281,CUST00281,high,869.0,45.0,high,758.0,0.0,96.0,90.0,0.32,63576.0,21677.0,0.0
CR00282,CUST00282,medium,784.0,27.0,low,9657.0,0.0,950.0,53.0,0.06,50119.0,17788.0,1.0
CR00283,CUST00283,,,,,,,,,,,,
CR00284,CUST00284,high,234.0,46.0,high,3068.0,0.0,1088.0,50.0,0.53,59003.0,15340.0,1.0
CR00285,CUST00285,medium,684.0,76.0,high,2887.0,0.0,1553.0,20.0,0.31,54512.0,20614.0,0.0
CR00286,CUST00286,,,,,,,,,,,,
CR00287,CUST00287,,,,,,,,,,,,
CR00288,CUST00288,low,489.0,48.0,low,8698.0,0.0,1434.0,78.0,0.0,48743.0,46607.0,0.0
CR00289,CUST00289,,,,,,,,,,,,
CR00290,CUST00290,,,,,,,,,,,,
CR00291,CUST00291,,,,,,,,,,,,
CR00292,CUST00292,,,,,,,,,,,,
CR00293,CUST00293,,,,,,,,,,,,
CR00294,CUST00294,,,,,,,,,,,,
CR00295,CUST00295,low,195.0,19.0,low,5009.0,0.0,904.0,93.0,0.57,29692.0,40422.0,0.0
CR00296,CUST00296,medium,306.0,21.0,low,6641.0,0.0,222.0,95.0,0.71,44608.0,19192.0,0.0
CR00297,CUST00297,,,,,,,,,,,,
CR00298,CUST00298,low,162.0,29.0,low,2946.0,0.0,1093.0,86.0,0.09,78311.0,7549.0,0.0
CR00299,CUST00299,,,,,,,,,,,,
CR00300,CUST00300,,,,,,,,,,,,
CR00301,CUST00301,,,,,,,,,,,,
CR00302,CUST00302,,,,,,,,,,,,
CR00303,CUST00303,medium,983.0,22.0,medium,7959.0,0.0,362.0,78.0,0.31,37538.0,5833.0,0.0
CR00304,CUST00304,low,295.0,13.0,medium,6342.0,0.0,306.0,33.0,0.16,4073.0,17667.0,1.0
CR00305,CUST00305,,,,,,,,,,,,
CR00306,CUST00306,,,,,,,,,,,,
CR00307,CUST00307,,,,,,,,,,,,
CR00308,CUST00308,medium,875.0,31.0,high,2284.0,1.0,803.0,66.0,0.95,71031.0,18681.0,0.0
CR00309,CUST00309,low,327.0,66.0,low,3644.0,0.0,441.0,72.0,0.57,26804.0,43586.0,0.0
CR00310,CUST00310,low,318.0,20.0,low,6225.0,0.0,1889.0,85.0,0.41,43199.0,11556.0,0.0
CR00311,CUST00311,,,,,,,,,,,,
CR00312,CUST00312,,,,,,,,,,,,
CR00313,CUST00313,medium,379.0,17.0,high,2769.0,0.0,700.0,85.0,0.43,64575.0,14201.0,0.0
CR00314,CUST00314,medium,882.0,54.0,medium,228.0,0.0,280.0,8.0,0.04,67938.0,36324.0,0.0
CR00315,CUST00315,,,,,,,,,,,,
CR00316,CUST00316,,,,,,,,,,,,
CR00317,CUST00317,,,,,,,,,,,,
CR00318,CUST00318,low,82.0,3.0,low,2234.0,0.0,314.0,63.0,0.37,51431.0,25476.0,1.0
CR00319,CUST00319,,,,,,,,,,,,
CR00320,CUST00320,,,,,,,,,,,,
CR00321,CUST00321,,,,,,,,,,,,
CR00322,CUST00322,medium,178.0,14.0,medium,8757.0,0.0,177.0,45.0,0.15,88636.0,6654.0,0.0
CR00323,CUST00323,medium,628.0,53.0,high,9341.0,0.0,413.0,59.0,0.03,94499.0,6932.0,0.0
CR00324,CUST00324,low,865.0,25.0,high,8482.0,0.0,713.0,89.0,0.23,69902.0,48974.0,0.0
CR00325,CUST00325,low,464.0,27.0,high,4331.0,0.0,1026.0,87.0,0.94,6577.0,17635.0,0.0
CR00326,CUST00326,high,352.0,33.0,medium,9317.0,0.0,655.0,71.0,0.94,13003.0,43257.0,0.0
CR00327,CUST00327,,,,,,,,,,,,
CR00328,CUST00328,medium,397.0,14.0,high,2272.0,0.0,180.0,49.0,0.97,90933.0,45957.0,0.0
CR00329,CUST00329,,,,,,,,,,,,
CR00330,CUST00330,,,,,,,,,,,,
CR00331,CUST00331,,,,,,,,,,,,
CR00332,CUST00332,medium,781.0,77.0,high,6448.0,0.0,404.0,44.0,0.13,92008.0,7084.0,0.0
CR00333,CUST00333,low,585.0,28.0,high,3110.0,0.0,1443.0,65.0,0.82,77236.0,31792.0,0.0
CR00334,CUST00334,,,,,,,,,,,,
CR00335,CUST00335,,,,,,,,,,,,
CR00336,CUST00336,high,731.0,0.0,medium,2966.0,1.0,126.0,64.0,0.05,4601.0,12930.0,0.0
CR00337,CUST00337,medium,626.0,47.0,low,2285.0,0.0,1274.0,13.0,0.54,40854.0,36450.0,1.0
CR00338,CUST00338,,,,,,,,,,,,
CR00339,CUST00339,medium,888.0,41.0,medium,2994.0,0.0,898.0,51.0,0.17,87191.0,10006.0,1.0
CR00340,CUST00340,,,,,,,,,,,,
CR00341,CUST00341,,,,,,,,,,,,
CR00342,CUST00342,,,,,,,,,,,,
CR00343,CUST00343,,,,,,,,,,,,
CR00344,CUST00344,,,,,,,,,,,,
CR00345,CUST00345,,,,,,,,,,,,
CR00346,CUST00346,,,,,,,,,,,,
CR00347,CUST00347,high,70.0,63.0,medium,1341.0,0.0,211.0,1.0,0.26,28896.0,37443.0,1.0
CR00348,CUST00348,medium,964.0,71.0,high,7370.0,0.0,1207.0,70.0,0.95,63411.0,43901.0,0.0
CR00349,CUST00349,low,299.0,86.0,high,8083.0,0.0,1024.0,98.0,0.05,47972.0,9950.0,0.0
CR00350,CUST00350,low,871.0,90.0,high,4429.0,0.0,1975.0,51.0,0.64,49592.0,21615.0,0.0
CR00351,CUST00351,medium,921.0,6.0,high,1686.0,0.0,1318.0,63.0,0.05,40857.0,16057.0,0.0
CR00352,CUST00352,medium,653.0,12.0,high,577.0,0.0,1726.0,23.0,0.79,67381.0,23684.0,0.0
CR00353,CUST00353,medium,744.0,76.0,low,9009.0,0.0,583.0,72.0,0.11,48281.0,47996.0,0.0
CR00354,CUST00354,high,359.0,85.0,medium,1300.0,0.0,87.0,13.0,0.96,33514.0,41800.0,0.0
CR00355,CUST00355,,,,,,,,,,,,
CR00356,CUST00356,low,544.0,43.0,medium,9380.0,0.0,1317.0,14.0,0.51,84610.0,7874.0,0.0
CR00357,CUST00357,low,430.0,37.0,medium,5271.0,0.0,1436.0,54.0,0.9,38227.0,14937.0,0.0
CR00358,CUST00358,medium,954.0,40.0,medium,9583.0,0.0,291.0,33.0,0.21,33746.0,8709.0,0.0
CR00359,CUST00359,,,,,,,,,,,,
CR00360,CUST00360,low,450.0,15.0,high,5229.0,0.0,955.0,72.0,0.44,27410.0,40160.0,0.0
CR00361,CUST00361,,,,,,,,,,,,
CR00362,CUST00362,,,,,,,,,,,,
CR00363,CUST00363,high,244.0,41.0,high,8687.0,0.0,1669.0,5.0,0.6,95017.0,31681.0,0.0
CR00364,CUST00364,low,219.0,33.0,medium,3339.0,0.0,1218.0,28.0,0.38,80459.0,20936.0,0.0
CR00365,CUST00365,low,351.0,45.0,low,4065.0,0.0,1433.0,4.0,0.67,80821.0,27260.0,0.0
CR00366,CUST00366,,,,,,,,,,,,
CR00367,CUST00367,low,642.0,90.0,low,8279.0,0.0,1288.0,95.0,0.43,75857.0,43829.0,0.0
CR00368,CUST00368,high,781.0,49.0,low,9243.0,0.0,1338.0,7.0,0.41,98529.0,47288.0,0.0
CR00369,CUST00369,high,663.0,2.0,medium,198.0,0.0,1870.0,9.0,0.96,40285.0,1019.0,0.0
CR00370,CUST00370,,,,,,,,,,,,
CR00371,CUST00371,,,,,,,,,,,,
CR00372,CUST00372,,,,,,,,,,,,
CR00373,CUST00373,medium,593.0,72.0,low,3986.0,0.0,971.0,2.0,0.32,72265.0,39729.0,0.0
CR00374,CUST00374,,,,,,,,,,,,
CR00375,CUST00375,medium,318.0,28.0,low,2057.0,0.0,1022.0,89.0,0.45,20115.0,33869.0,0.0
CR00376,CUST00376,medium,185.0,47.0,low,9083.0,0.0,754.0,85.0,0.44,87090.0,25319.0,0.0
CR00377,CUST00377,low,424.0,89.0,low,6449.0,0.0,1454.0,71.0,0.97,36214.0,21545.0,0.0
CR00378,CUST00378,,,,,,,,,,,,
CR00379,CUST00379,,,,,,,,,,,,
CR00380,CUST00380,,,,,,,,,,,,
CR00381,CUST00381,high,874.0,24.0,high,1435.0,0.0,162.0,60.0,0.23,42805.0,1987.0,0.0
CR00382,CUST00382,,,,,,,,,,,,
CR00383,CUST00383,high,270.0,42.0,low,5191.0,0.0,173.0,84.0,0.19,95747.0,11328.0,0.0
CR00384,CUST00384,medium,681.0,1.0,medium,9452.0,0.0,94.0,17.0,0.57,70648.0,16937.0,0.0
CR00385,CUST00385,low,138.0,89.0,low,7197.0,0.0,1364.0,37.0,0.49,11304.0,7015.0,1.0
CR00386,CUST00386,low,640.0,44.0,high,1322.0,0.0,1179.0,16.0,0.18,25052.0,15436.0,1.0
CR00387,CUST00387,low,910.0,40.0,low,1805.0,0.0,1171.0,74.0,0.38,58535.0,44840.0,0.0
CR00388,CUST00388,,,,,,,,,,,,
CR00389,CUST00389,low,221.0,57.0,high,5579.0,0.0,1092.0,97.0,0.2,94671.0,14691.0,0.0
CR00390,CUST00390,,,,,,,,,,,,
CR00391,CUST00391,medium,207.0,65.0,high,6192.0,0.0,1894.0,51.0,0.1,94328.0,765.0,0.0
CR00392,CUST00392,high,696.0,17.0,low,7835.0,0.0,1187.0,90.0,0.48,40364.0,49691.0,1.0
CR00393,CUST00393,,,,,,,,,,,,
CR00394,CUST00394,low,261.0,67.0,low,1763.0,0.0,1838.0,47.0,0.48,33500.0,19897.0,0.0
CR00395,CUST00395,,,,,,,,,,,,
CR00396,CUST00396,medium,944.0,17.0,low,3435.0,0.0,962.0,22.0,0.97,99676.0,14234.0,0.0
CR00397,CUST00397,,,,,,,,,,,,
CR00398,CUST00398,high,113.0,33.0,low,163.0,0.0,1943.0,43.0,0.36,82060.0,46387.0,1.0
CR00399,CUST00399,,,,,,,,,,,,
CR00400,CUST00400,,,,,,,,,,,,
CR00401,CUST00401,,,,,,,,,,,,
CR00402,CUST00402,,,,,,,,,,,,
CR00403,CUST00403,low,475.0,90.0,medium,4003.0,0.0,1875.0,94.0,0.33,869.0,38847.0,1.0
CR00404,CUST00404,,,,,,,,,,,,
CR00405,CUST00405,low,542.0,75.0,medium,3702.0,0.0,450.0,49.0,0.37,84873.0,5131.0,1.0
CR00406,CUST00406,low,64.0,27.0,low,487.0,0.0,882.0,97.0,0.65,11301.0,9515.0,0.0
CR00407,CUST00407,medium,941.0,84.0,high,1405.0,0.0,502.0,96.0,0.14,24837.0,22778.0,1.0
CR00408,CUST00408,,,,,,,,,,,,
CR00409,CUST00409,,,,,,,,,,,,
CR00410,CUST00410,,,,,,,,,,,,
CR00411,CUST00411,,,,,,,,,,,,
CR00412,CUST00412,,,,,,,,,,,,
CR00413,CUST00413,,,,,,,,,,,,
CR00414,CUST00414,medium,730.0,50.0,low,6744.0,0.0,1789.0,68.0,0.84,82755.0,4154.0,1.0
CR00415,CUST00415,,,,,,,,,,,,
CR00416,CUST00416,,,,,,,,,,,,
CR00417,CUST00417,,,,,,,,,,,,
CR00418,CUST00418,,,,,,,,,,,,
CR00419,CUST00419,,,,,,,,,,,,
CR00420,CUST00420,high,422.0,9.0,low,9968.0,0.0,267.0,14.0,0.69,85641.0,46485.0,0.0
CR00421,CUST00421,low,638.0,7.0,high,1016.0,0.0,1183.0,96.0,0.39,36775.0,20373.0,1.0
CR00422,CUST00422,,,,,,,,,,,,
CR00423,CUST00423,low,122.0,44.0,low,7814.0,0.0,1718.0,26.0,0.38,7101.0,4743.0,1.0
CR00424,CUST00424,,,,,,,,,,,,
CR00425,CUST00425,,,,,,,,,,,,
CR00426,CUST00426,,,,,,,,,,,,
CR00427,CUST00427,low,390.0,17.0,low,1457.0,0.0,1483.0,52.0,0.65,50918.0,8219.0,0.0
CR00428,CUST00428,,,,,,,,,,,,
CR00429,CUST00429,,,,,,,,,,,,
CR00430,CUST00430,high,540.0,31.0,medium,2992.0,0.0,1176.0,69.0,0.02,80543.0,30951.0,1.0
CR00431,CUST00431,,,,,,,,,,,,
CR00432,CUST00432,medium,473.0,7.0,high,1670.0,0.0,1940.0,77.0,0.32,54679.0,28688.0,0.0
CR00433,CUST00433,,,,,,,,,,,,
CR00434,CUST00434,medium,701.0,15.0,high,5948.0,0.0,223.0,74.0,0.6,5272.0,44134.0,0.0
CR00435,CUST00435,high,114.0,24.0,high,3847.0,0.0,1907.0,66.0,0.79,59183.0,21458.0,0.0
CR00436,CUST00436,high,639.0,66.0,high,8100.0,1.0,1328.0,62.0,0.68,40693.0,30911.0,0.0
CR00437,CUST00437,high,120.0,49.0,medium,9378.0,0.0,568.0,8.0,0.03,11440.0,26245.0,0.0
CR00438,CUST00438,,,,,,,,,,,,
CR00439,CUST00439,high,582.0,14.0,medium,1251.0,0.0,233.0,67.0,0.65,19053.0,31644.0,0.0
CR00440,CUST00440,medium,303.0,26.0,low,7327.0,0.0,605.0,81.0,0.85,68908.0,16083.0,0.0
CR00441,CUST00441,low,783.0,88.0,low,197.0,0.0,1882.0,25.0,0.97,5443.0,79.0,0.0
CR00442,CUST00442,medium,663.0,47.0,medium,2669.0,0.0,472.0,99.0,0.12,35391.0,34171.0,0.0
CR00443,CUST00443,medium,367.0,12.0,medium,839.0,0.0,560.0,41.0,0.98,1949.0,19844.0,1.0
CR00444,CUST00444,medium,156.0,20.0,low,1337.0,0.0,555.0,5.0,0.87,65792.0,34488.0,0.0
CR00445,CUST00445,low,924.0,51.0,low,7176.0,0.0,946.0,18.0,0.9,99201.0,29412.0,0.0
CR00446,CUST00446,,,,,,,,,,,,
CR00447,CUST00447,high,131.0,96.0,low,4274.0,0.0,332.0,54.0,0.14,54587.0,26578.0,0.0
CR00448,CUST00448,high,937.0,73.0,high,8188.0,0.0,903.0,25.0,0.48,5830.0,30608.0,0.0
CR00449,CUST00449,,,,,,,,,,,,
CR00450,CUST00450,,,,,,,,,,,,
CR00451,CUST00451,medium,233.0,63.0,medium,759.0,0.0,1821.0,57.0,0.72,92662.0,29466.0,0.0
CR00452,CUST00452,,,,,,,,,,,,
CR00453,CUST00453,low,705.0,86.0,low,8926.0,0.0,1881.0,66.0,1.0,27315.0,18268.0,0.0
CR00454,CUST00454,,,,,,,,,,,,
CR00455,CUST00455,,,,,,,,,,,,
CR00456,CUST00456,,,,,,,,,,,,
CR00457,CUST00457,,,,,,,,,,,,
CR00458,CUST00458,medium,531.0,83.0,medium,5173.0,0.0,1861.0,33.0,0.91,23279.0,26570.0,0.0
CR00459,CUST00459,high,855.0,43.0,medium,5030.0,0.0,847.0,94.0,0.88,68264.0,48245.0,0.0
CR00460,CUST00460,,,,,,,,,,,,
CR00461,CUST00461,low,532.0,3.0,medium,9408.0,0.0,1636.0,92.0,0.19,25575.0,14727.0,0.0
CR00462,CUST00462,low,898.0,82.0,low,6946.0,0.0,1310.0,30.0,0.58,97661.0,41409.0,0.0
CR00463,CUST00463,,,,,,,,,,,,
CR00464,CUST00464,,,,,,,,,,,,
CR00465,CUST00465,,,,,,,,,,,,
CR00466,CUST00466,,,,,,,,,,,,
CR00467,CUST00467,high,492.0,15.0,low,5403.0,0.0,876.0,49.0,0.13,61915.0,8444.0,0.0
CR00468,CUST00468,,,,,,,,,,,,
CR00469,CUST00469,low,261.0,48.0,medium,4216.0,0.0,1511.0,38.0,0.48,43130.0,43881.0,0.0
CR00470,CUST00470,,,,,,,,,,,,
CR00471,CUST00471,medium,263.0,25.0,high,1953.0,0.0,841.0,39.0,0.89,52142.0,45703.0,0.0
CR00472,CUST00472,,,,,,,,,,,,
CR00473,CUST00473,low,820.0,53.0,high,962.0,0.0,1269.0,83.0,0.58,527.0,2922.0,0.0
CR00474,CUST00474,,,,,,,,,,,,
CR00475,CUST00475,high,182.0,10.0,high,946.0,0.0,1088.0,83.0,0.64,3323.0,445.0,0.0
CR00476,CUST00476,medium,385.0,18.0,low,6213.0,0.0,521.0,27.0,0.14,3236.0,13487.0,0.0
CR00477,CUST00477,,,,,,,,,,,,
CR00478,CUST00478,low,917.0,28.0,medium,2079.0,0.0,865.0,22.0,0.07,33770.0,9734.0,0.0
CR00479,CUST00479,low,158.0,67.0,low,9521.0,0.0,507.0,58.0,0.54,36680.0,17916.0,0.0
CR00480,CUST00480,,,,,,,,,,,,
CR00481,CUST00481,low,102.0,13.0,high,8682.0,0.0,1919.0,16.0,0.8,59949.0,25433.0,0.0
CR00482,CUST00482,medium,542.0,13.0,low,9445.0,0.0,1457.0,33.0,0.84,71633.0,39180.0,0.0
CR00483,CUST00483,,,,,,,,,,,,
CR00484,CUST00484,,,,,,,,,,,,
CR00485,CUST00485,high,584.0,87.0,medium,5120.0,0.0,633.0,25.0,0.86,37632.0,46235.0,0.0
CR00486,CUST00486,,,,,,,,,,,,
CR00487,CUST00487,high,608.0,77.0,medium,205.0,0.0,1744.0,69.0,0.81,37124.0,38686.0,0.0
CR00488,CUST00488,medium,704.0,51.0,medium,4174.0,0.0,1298.0,10.0,0.5,23102.0,48894.0,1.0
CR00489,CUST00489,high,263.0,72.0,high,1042.0,0.0,321.0,58.0,0.15,98163.0,43677.0,0.0
CR00490,CUST00490,,,,,,,,,,,,
CR00491,CUST00491,medium,370.0,58.0,medium,4899.0,0.0,940.0,51.0,0.31,60369.0,34143.0,0.0
CR00492,CUST00492,high,849.0,47.0,low,2448.0,0.0,149.0,84.0,0.95,76190.0,14253.0,0.0
CR00493,CUST00493,,,,,,,,,,,,
CR00494,CUST00494,high,170.0,87.0,high,9532.0,0.0,228.0,61.0,0.79,41965.0,31913.0,0.0
CR00495,CUST00495,high,757.0,74.0,low,4242.0,0.0,457.0,65.0,0.66,99806.0,33188.0,0.0
CR00496,CUST00496,low,760.0,95.0,medium,4458.0,0.0,1765.0,43.0,0.68,13527.0,48991.0,0.0
CR00497,CUST00497,high,147.0,97.0,medium,3670.0,0.0,92.0,41.0,0.57,38653.0,28859.0,0.0
CR00498,CUST00498,,,,,,,,,,,,
CR00499,CUST00499,high,449.0,38.0,medium,5344.0,0.0,1894.0,97.0,0.98,16119.0,30569.0,0.0
CR00500,CUST00500,low,758.0,39.0,low,513.0,0.0,184.0,12.0,0.53,82097.0,37122.0,0.0
CR00501,CUST00501,,,,,,,,,,,,
CR00502,CUST00502,,,,,,,,,,,,
CR00503,CUST00503,medium,844.0,49.0,medium,3371.0,0.0,484.0,16.0,0.7,27106.0,14309.0,0.0
CR00504,CUST00504,,,,,,,,,,,,
CR00505,CUST00505,,,,,,,,,,,,
CR00506,CUST00506,low,743.0,17.0,medium,8723.0,0.0,546.0,86.0,0.78,71066.0,4992.0,0.0
CR00507,CUST00507,,,,,,,,,,,,
CR00508,CUST00508,,,,,,,,,,,,
CR00509,CUST00509,,,,,,,,,,,,
CR00510,CUST00510,,,,,,,,,,,,
CR00511,CUST00511,medium,290.0,9.0,high,4418.0,0.0,517.0,56.0,0.76,89199.0,31246.0,1.0
CR00512,CUST00512,,,,,,,,,,,,
CR00513,CUST00513,,,,,,,,,,,,
CR00514,CUST00514,low,675.0,13.0,medium,1586.0,0.0,1466.0,30.0,0.4,29236.0,9770.0,0.0
CR00515,CUST00515,medium,941.0,71.0,low,7955.0,0.0,961.0,82.0,0.17,82319.0,44917.0,0.0
CR00516,CUST00516,,,,,,,,,,,,
CR00517,CUST00517,,,,,,,,,,,,
CR00518,CUST00518,,,,,,,,,,,,
CR00519,CUST00519,,,,,,,,,,,,
CR00520,CUST00520,,,,,,,,,,,,
CR00521,CUST00521,,,,,,,,,,,,
CR00522,CUST00522,medium,565.0,9.0,high,8528.0,1.0,977.0,29.0,0.39,32399.0,25236.0,0.0
CR00523,CUST00523,low,499.0,58.0,low,9542.0,0.0,1000.0,99.0,0.4,38560.0,42427.0,0.0
CR00524,CUST00524,low,95.0,48.0,high,5005.0,0.0,1356.0,88.0,0.75,7288.0,44034.0,0.0
CR00525,CUST00525,,,,,,,,,,,,
CR00526,CUST00526,low,276.0,78.0,high,8021.0,0.0,1796.0,70.0,0.13,45113.0,9684.0,0.0
CR00527,CUST00527,,,,,,,,,,,,
CR00528,CUST00528,medium,484.0,56.0,high,8146.0,0.0,1800.0,74.0,0.99,53046.0,45562.0,0.0
CR00529,CUST00529,medium,965.0,32.0,medium,3142.0,0.0,1045.0,90.0,0.81,83652.0,38108.0,0.0
CR00530,CUST00530,,,,,,,,,,,,
CR00531,CUST00531,,,,,,,,,,,,
CR00532,CUST00532,medium,169.0,12.0,high,4968.0,0.0,1900.0,75.0,0.04,99020.0,6229.0,0.0
CR00533,CUST00533,high,254.0,0.0,medium,4194.0,0.0,1382.0,51.0,0.52,86762.0,8103.0,1.0
CR00534,CUST00534,medium,804.0,43.0,high,8809.0,0.0,1081.0,4.0,0.71,96367.0,23531.0,0.0
CR00535,CUST00535,,,,,,,,,,,,
CR00536,CUST00536,,,,,,,,,,,,
CR00537,CUST00537,,,,,,,,,,,,
CR00538,CUST00538,,,,,,,,,,,,
CR00539,CUST00539,high,314.0,73.0,high,9073.0,0.0,418.0,61.0,0.29,77219.0,5839.0,0.0
CR00540,CUST00540,,,,,,,,,,,,
CR00541,CUST00541,high,264.0,10.0,medium,9427.0,0.0,963.0,46.0,0.16,74460.0,15921.0,0.0
CR00542,CUST00542,low,462.0,92.0,low,2527.0,0.0,884.0,1.0,0.52,49554.0,22951.0,0.0
CR00543,CUST00543,medium,114.0,61.0,medium,7870.0,0.0,808.0,48.0,0.47,65092.0,4005.0,0.0
CR00544,CUST00544,,,,,,,,,,,,
CR00545,CUST00545,,,,,,,,,,,,
CR00546,CUST00546,,,,,,,,,,,,
CR00547,CUST00547,,,,,,,,,,,,
CR00548,CUST00548,high,687.0,52.0,medium,1794.0,0.0,188.0,33.0,0.25,38769.0,39420.0,0.0
CR00549,CUST00549,high,486.0,47.0,medium,8584.0,0.0,720.0,69.0,0.02,8463.0,13336.0,0.0
CR00550,CUST00550,,,,,,,,,,,,
CR00551,CUST00551,,,,,,,,,,,,
CR00552,CUST00552,,,,,,,,,,,,
CR00553,CUST00553,,,,,,,,,,,,
CR00554,CUST00554,medium,855.0,40.0,low,3274.0,0.0,1113.0,63.0,0.76,92303.0,2040.0,1.0
CR00555,CUST00555,,,,,,,,,,,,
CR00556,CUST00556,,,,,,,,,,,,
CR00557,CUST00557,high,620.0,90.0,low,6085.0,0.0,1854.0,29.0,0.24,589.0,5063.0,0.0
CR00558,CUST00558,low,421.0,79.0,low,1358.0,0.0,1740.0,59.0,0.12,53374.0,29404.0,0.0
CR00559,CUST00559,low,687.0,40.0,low,4982.0,0.0,1670.0,88.0,0.35,32022.0,32202.0,0.0
CR00560,CUST00560,high,714.0,89.0,medium,4811.0,0.0,209.0,32.0,0.22,92558.0,5938.0,0.0
CR00561,CUST00561,medium,758.0,68.0,medium,8511.0,0.0,1799.0,33.0,0.74,46225.0,37096.0,0.0
CR00562,CUST00562,medium,283.0,85.0,low,4562.0,0.0,1436.0,77.0,0.2,1865.0,30706.0,0.0
CR00563,CUST00563,high,865.0,71.0,medium,7810.0,1.0,1034.0,6.0,0.01,9262.0,4487.0,0.0
CR00564,CUST00564,,,,,,,,,,,,
CR00565,CUST00565,high,430.0,76.0,low,8216.0,0.0,448.0,99.0,0.07,60098.0,27839.0,0.0
CR00566,CUST00566,,,,,,,,,,,,
CR00567,CUST00567,low,803.0,89.0,medium,2411.0,0.0,679.0,58.0,0.27,51761.0,9622.0,0.0
CR00568,CUST00568,,,,,,,,,,,,
CR00569,CUST00569,,,,,,,,,,,,
CR00570,CUST00570,medium,146.0,77.0,low,7906.0,0.0,1040.0,76.0,0.5,54754.0,27793.0,0.0
CR00571,CUST00571,,,,,,,,,,,,
CR00572,CUST00572,low,160.0,0.0,medium,9056.0,0.0,1499.0,8.0,0.57,87562.0,8774.0,1.0
CR00573,CUST00573,,,,,,,,,,,,
CR00574,CUST00574,,,,,,,,,,,,
CR00575,CUST00575,low,587.0,29.0,medium,1285.0,0.0,1142.0,4.0,0.35,93938.0,5797.0,0.0
CR00576,CUST00576,medium,622.0,22.0,medium,7697.0,0.0,1908.0,91.0,0.1,76674.0,35268.0,0.0
CR00577,CUST00577,,,,,,,,,,,,
CR00578,CUST00578,medium,219.0,61.0,medium,1180.0,0.0,407.0,72.0,0.29,47930.0,1325.0,0.0
CR00579,CUST00579,,,,,,,,,,,,
CR00580,CUST00580,medium,150.0,96.0,low,1788.0,0.0,1579.0,24.0,0.83,98376.0,28610.0,0.0
CR00581,CUST00581,,,,,,,,,,,,
CR00582,CUST00582,low,798.0,37.0,medium,4616.0,0.0,185.0,36.0,0.33,5728.0,32800.0,0.0
CR00583,CUST00583,medium,327.0,4.0,high,3698.0,0.0,394.0,16.0,0.15,55942.0,33585.0,1.0
CR00584,CUST00584,,,,,,,,,,,,
CR00585,CUST00585,,,,,,,,,,,,
CR00586,CUST00586,,,,,,,,,,,,
CR00587,CUST00587,low,516.0,6.0,low,6928.0,0.0,649.0,74.0,0.32,55744.0,49831.0,0.0
CR00588,CUST00588,,,,,,,,,,,,
CR00589,CUST00589,,,,,,,,,,,,
CR00590,CUST00590,,,,,,,,,,,,
CR00591,CUST00591,,,,,,,,,,,,
CR00592,CUST00592,,,,,,,,,,,,
CR00593,CUST00593,,,,,,,,,,,,
CR00594,CUST00594,low,179.0,78.0,low,248.0,0.0,1794.0,51.0,0.59,46434.0,26515.0,0.0
CR00595,CUST00595,,,,,,,,,,,,
CR00596,CUST00596,medium,645.0,29.0,low,676.0,0.0,772.0,93.0,0.73,40955.0,13029.0,0.0
CR00597,CUST00597,high,629.0,16.0,high,2145.0,0.0,1677.0,87.0,0.55,28774.0,9127.0,0.0
CR00598,CUST00598,,,,,,,,,,,,
CR00599,CUST00599,,,,,,,,,,,,
CR00600,CUST00600,low,740.0,10.0,low,9712.0,1.0,1522.0,8.0,0.9,32333.0,48012.0,0.0
CR00601,CUST00601,,,,,,,,,,,,
CR00602,CUST00602,,,,,,,,,,,,
CR00603,CUST00603,,,,,,,,,,,,
CR00604,CUST00604,low,757.0,75.0,low,2067.0,0.0,439.0,86.0,0.56,36498.0,28820.0,0.0
CR00605,CUST00605,,,,,,,,,,,,
CR00606,CUST00606,medium,77.0,20.0,high,3591.0,0.0,215.0,16.0,0.04,74796.0,48629.0,0.0
CR00607,CUST00607,high,700.0,60.0,medium,393.0,0.0,1372.0,30.0,0.37,60964.0,5614.0,0.0
CR00608,CUST00608,,,,,,,,,,,,
CR00609,CUST00609,,,,,,,,,,,,
CR00610,CUST00610,low,469.0,39.0,low,3901.0,0.0,320.0,36.0,0.49,19861.0,34512.0,0.0
CR00611,CUST00611,,,,,,,,,,,,
CR00612,CUST00612,,,,,,,,,,,,
CR00613,CUST00613,medium,255.0,77.0,medium,1733.0,0.0,911.0,85.0,0.32,23119.0,46117.0,0.0
CR00614,CUST00614,,,,,,,,,,,,
CR00615,CUST00615,low,277.0,98.0,low,4903.0,0.0,1867.0,90.0,0.51,86821.0,46589.0,0.0
CR00616,CUST00616,low,476.0,52.0,low,6898.0,0.0,1434.0,55.0,0.64,40888.0,49047.0,0.0
CR00617,CUST00617,medium,264.0,3.0,low,2082.0,0.0,1344.0,97.0,0.86,15378.0,43632.0,0.0
CR00618,CUST00618,medium,233.0,20.0,high,773.0,0.0,1731.0,80.0,0.33,16192.0,17450.0,0.0
CR00619,CUST00619,low,342.0,47.0,high,168.0,0.0,1277.0,35.0,0.92,76325.0,28914.0,1.0
CR00620,CUST00620,,,,,,,,,,,,
CR00621,CUST00621,,,,,,,,,,,,
CR00622,CUST00622,,,,,,,,,,,,
CR00623,CUST00623,low,523.0,14.0,medium,6204.0,0.0,489.0,6.0,0.26,62771.0,7466.0,1.0
CR00624,CUST00624,medium,426.0,29.0,low,3309.0,0.0,1080.0,35.0,0.46,94627.0,28947.0,0.0
CR00625,CUST00625,high,620.0,48.0,high,2429.0,0.0,687.0,98.0,0.09,81099.0,25888.0,0.0
CR00626,CUST00626,,,,,,,,,,,,
CR00627,CUST00627,,,,,,,,,,,,
CR00628,CUST00628,high,658.0,44.0,medium,400.0,0.0,1936.0,16.0,0.57,94870.0,43518.0,0.0
CR00629,CUST00629,,,,,,,,,,,,
CR00630,CUST00630,,,,,,,,,,,,
CR00631,CUST00631,,,,,,,,,,,,
CR00632,CUST00632,high,189.0,67.0,low,1489.0,0.0,1470.0,56.0,0.04,5969.0,13162.0,0.0
CR00633,CUST00633,,,,,,,,,,,,
CR00634,CUST00634,medium,794.0,43.0,medium,5137.0,0.0,407.0,2.0,0.16,65560.0,5962.0,0.0
CR00635,CUST00635,medium,514.0,60.0,medium,7775.0,0.0,104.0,34.0,0.65,24248.0,46162.0,0.0
CR00636,CUST00636,medium,162.0,40.0,medium,7550.0,0.0,1360.0,26.0,0.32,74990.0,39560.0,1.0
CR00637,CUST00637,,,,,,,,,,,,
CR00638,CUST00638,low,561.0,35.0,medium,8478.0,0.0,1566.0,38.0,0.81,17038.0,22219.0,1.0
CR00639,CUST00639,low,813.0,72.0,low,5419.0,0.0,875.0,76.0,0.75,5446.0,20760.0,0.0
CR00640,CUST00640,high,276.0,57.0,low,4672.0,0.0,292.0,39.0,0.29,17221.0,3323.0,0.0
CR00641,CUST00641,,,,,,,,,,,,
CR00642,CUST00642,,,,,,,,,,,,
CR00643,CUST00643,,,,,,,,,,,,
CR00644,CUST00644,,,,,,,,,,,,
CR00645,CUST00645,,,,,,,,,,,,
CR00646,CUST00646,low,425.0,24.0,low,6954.0,0.0,289.0,10.0,0.54,13872.0,49455.0,0.0
CR00647,CUST00647,,,,,,,,,,,,
CR00648,CUST00648,,,,,,,,,,,,
CR00649,CUST00649,low,300.0,6.0,low,6974.0,0.0,1218.0,31.0,0.03,70779.0,16533.0,0.0
CR00650,CUST00650,medium,829.0,70.0,medium,6244.0,0.0,1960.0,13.0,0.19,15935.0,7466.0,0.0
CR00651,CUST00651,,,,,,,,,,,,
CR00652,CUST00652,high,346.0,80.0,low,1623.0,0.0,50.0,40.0,0.67,48737.0,33367.0,0.0
CR00653,CUST00653,,,,,,,,,,,,
CR00654,CUST00654,,,,,,,,,,,,
CR00655,CUST00655,medium,384.0,80.0,medium,9456.0,0.0,1053.0,62.0,0.77,35765.0,17070.0,0.0
CR00656,CUST00656,,,,,,,,,,,,
CR00657,CUST00657,,,,,,,,,,,,
CR00658,CUST00658,high,459.0,0.0,high,1859.0,0.0,891.0,64.0,0.0,51632.0,15409.0,0.0
CR00659,CUST00659,,,,,,,,,,,,
CR00660,CUST00660,high,652.0,56.0,high,9845.0,0.0,544.0,12.0,0.65,48426.0,9013.0,0.0
CR00661,CUST00661,high,786.0,30.0,low,1708.0,0.0,527.0,95.0,0.78,38333.0,4435.0,1.0
CR00662,CUST00662,,,,,,,,,,,,
CR00663,CUST00663,high,165.0,89.0,low,4269.0,0.0,1710.0,45.0,0.96,67228.0,15523.0,0.0
CR00664,CUST00664,medium,271.0,16.0,low,1299.0,0.0,713.0,53.0,0.59,93177.0,29530.0,0.0
CR00665,CUST00665,,,,,,,,,,,,
CR00666,CUST00666,low,925.0,0.0,low,5682.0,0.0,895.0,54.0,0.46,24691.0,33799.0,0.0
CR00667,CUST00667,,,,,,,,,,,,
CR00668,CUST00668,medium,639.0,19.0,medium,4190.0,0.0,789.0,87.0,0.59,4897.0,163.0,0.0
CR00669,CUST00669,medium,705.0,78.0,medium,6261.0,0.0,1927.0,31.0,0.35,57255.0,26871.0,0.0
CR00670,CUST00670,medium,374.0,49.0,high,2351.0,0.0,1643.0,82.0,0.95,40426.0,49584.0,0.0
CR00671,CUST00671,medium,597.0,53.0,low,1170.0,0.0,1489.0,98.0,0.78,87988.0,7670.0,1.0
CR00672,CUST00672,high,982.0,95.0,high,2254.0,0.0,1688.0,37.0,0.92,15852.0,46258.0,0.0
CR00673,CUST00673,medium,965.0,36.0,high,2348.0,0.0,836.0,54.0,0.55,33924.0,47086.0,0.0
CR00674,CUST00674,low,225.0,6.0,low,6254.0,0.0,975.0,40.0,0.74,27431.0,42290.0,0.0
CR00675,CUST00675,,,,,,,,,,,,
CR00676,CUST00676,low,609.0,70.0,medium,3772.0,0.0,157.0,23.0,0.61,51.0,2159.0,0.0
CR00677,CUST00677,,,,,,,,,,,,
CR00678,CUST00678,,,,,,,,,,,,
CR00679,CUST00679,medium,238.0,75.0,medium,2212.0,0.0,307.0,5.0,0.21,66890.0,5620.0,0.0
CR00680,CUST00680,,,,,,,,,,,,
CR00681,CUST00681,low,857.0,88.0,low,7946.0,0.0,385.0,62.0,0.55,50728.0,8691.0,0.0
CR00682,CUST00682,medium,518.0,79.0,medium,9427.0,0.0,1163.0,21.0,0.63,93318.0,44488.0,0.0
CR00683,CUST00683,high,576.0,76.0,low,7629.0,0.0,1286.0,86.0,0.77,7899.0,13372.0,0.0
CR00684,CUST00684,low,573.0,87.0,high,9904.0,0.0,627.0,53.0,0.46,64934.0,30066.0,0.0
CR00685,CUST00685,medium,154.0,47.0,high,822.0,0.0,291.0,24.0,0.8,41394.0,45836.0,0.0
CR00686,CUST00686,,,,,,,,,,,,
CR00687,CUST00687,low,433.0,41.0,low,1120.0,0.0,372.0,79.0,0.82,90807.0,14694.0,0.0
CR00688,CUST00688,,,,,,,,,,,,
CR00689,CUST00689,,,,,,,,,,,,
CR00690,CUST00690,,,,,,,,,,,,
CR00691,CUST00691,,,,,,,,,,,,
CR00692,CUST00692,high,960.0,31.0,low,8468.0,0.0,1783.0,26.0,0.97,91614.0,2315.0,0.0
CR00693,CUST00693,medium,115.0,4.0,high,2028.0,0.0,131.0,62.0,0.97,48225.0,16968.0,0.0
CR00694,CUST00694,,,,,,,,,,,,
CR00695,CUST00695,,,,,,,,,,,,
CR00696,CUST00696,high,174.0,81.0,high,8254.0,0.0,182.0,28.0,0.91,72554.0,10621.0,0.0
CR00697,CUST00697,,,,,,,,,,,,
CR00698,CUST00698,high,644.0,34.0,medium,6715.0,0.0,1527.0,59.0,0.39,71980.0,24881.0,0.0
CR00699,CUST00699,high,470.0,14.0,high,6943.0,0.0,1009.0,80.0,0.56,64366.0,10931.0,0.0
CR00700,CUST00700,low,86.0,40.0,medium,3268.0,0.0,598.0,39.0,0.19,84719.0,38241.0,0.0
CR00701,CUST00701,,,,,,,,,,,,
CR00702,CUST00702,,,,,,,,,,,,
CR00703,CUST00703,,,,,,,,,,,,
CR00704,CUST00704,,,,,,,,,,,,
CR00705,CUST00705,high,442.0,68.0,low,5480.0,0.0,1476.0,29.0,0.64,37487.0,12943.0,0.0
CR00706,CUST00706,high,67.0,55.0,high,2552.0,0.0,1204.0,94.0,0.03,25280.0,11782.0,0.0
CR00707,CUST00707,high,962.0,10.0,medium,3660.0,0.0,602.0,61.0,0.23,23233.0,35011.0,0.0
CR00708,CUST00708,,,,,,,,,,,,
CR00709,CUST00709,,,,,,,,,,,,
CR00710,CUST00710,,,,,,,,,,,,
CR00711,CUST00711,,,,,,,,,,,,
CR00712,CUST00712,,,,,,,,,,,,
CR00713,CUST00713,medium,786.0,74.0,high,5542.0,0.0,1585.0,84.0,0.79,68772.0,15611.0,1.0
CR00714,CUST00714,,,,,,,,,,,,
CR00715,CUST00715,,,,,,,,,,,,
CR00716,CUST00716,low,519.0,52.0,medium,4823.0,0.0,1598.0,91.0,0.83,90762.0,18260.0,0.0
CR00717,CUST00717,,,,,,,,,,,,
CR00718,CUST00718,medium,952.0,16.0,medium,3475.0,0.0,1521.0,96.0,0.64,49600.0,21921.0,0.0
CR00719,CUST00719,high,945.0,36.0,high,9089.0,0.0,1558.0,46.0,0.6,30255.0,36094.0,0.0
CR00720,CUST00720,,,,,,,,,,,,
CR00721,CUST00721,medium,769.0,99.0,high,1169.0,0.0,697.0,23.0,0.57,96256.0,27937.0,0.0
CR00722,CUST00722,medium,624.0,75.0,medium,4239.0,0.0,993.0,86.0,0.66,33400.0,2199.0,0.0
CR00723,CUST00723,,,,,,,,,,,,
CR00724,CUST00724,,,,,,,,,,,,
CR00725,CUST00725,,,,,,,,,,,,
CR00726,CUST00726,low,283.0,94.0,low,722.0,0.0,369.0,93.0,0.19,73937.0,11659.0,0.0
CR00727,CUST00727,,,,,,,,,,,,
CR00728,CUST00728,,,,,,,,,,,,
CR00729,CUST00729,,,,,,,,,,,,
CR00730,CUST00730,high,538.0,88.0,medium,4969.0,0.0,1537.0,59.0,0.88,81646.0,35291.0,0.0
CR00731,CUST00731,low,176.0,7.0,high,6723.0,0.0,972.0,17.0,0.18,90069.0,24509.0,0.0
CR00732,CUST00732,low,152.0,85.0,medium,8775.0,0.0,273.0,13.0,0.18,59228.0,3205.0,0.0
CR00733,CUST00733,low,693.0,10.0,medium,5451.0,0.0,1677.0,10.0,0.48,34311.0,34234.0,1.0
CR00734,CUST00734,,,,,,,,,,,,
CR00735,CUST00735,,,,,,,,,,,,
CR00736,CUST00736,,,,,,,,,,,,
CR00737,CUST00737,,,,,,,,,,,,
CR00738,CUST00738,high,142.0,23.0,high,1281.0,0.0,274.0,83.0,0.86,42974.0,19856.0,0.0
CR00739,CUST00739,low,113.0,47.0,high,7546.0,0.0,1896.0,6.0,0.71,12905.0,21601.0,0.0
CR00740,CUST00740,,,,,,,,,,,,
CR00741,CUST00741,,,,,,,,,,,,
CR00742,CUST00742,high,549.0,51.0,high,7760.0,0.0,1067.0,11.0,0.07,51901.0,34716.0,0.0
CR00743,CUST00743,,,,,,,,,,,,
CR00744,CUST00744,,,,,,,,,,,,
CR00745,CUST00745,,,,,,,,,,,,
CR00746,CUST00746,,,,,,,,,,,,
CR00747,CUST00747,,,,,,,,,,,,
CR00748,CUST00748,high,974.0,30.0,high,8624.0,0.0,366.0,1.0,0.52,189.0,11752.0,0.0
CR00749,CUST00749,,,,,,,,,,,,
CR00750,CUST00750,,,,,,,,,,,,
CR00751,CUST00751,low,345.0,48.0,high,8268.0,0.0,909.0,78.0,0.19,84620.0,41556.0,0.0
CR00752,CUST00752,,,,,,,,,,,,
CR00753,CUST00753,medium,177.0,12.0,low,5973.0,0.0,397.0,13.0,0.75,61684.0,36281.0,0.0
CR00754,CUST00754,,,,,,,,,,,,
CR00755,CUST00755,medium,740.0,85.0,high,2347.0,0.0,56.0,89.0,0.64,62110.0,37279.0,1.0
CR00756,CUST00756,,,,,,,,,,,,
CR00757,CUST00757,low,762.0,21.0,high,3162.0,0.0,1054.0,36.0,0.03,19923.0,10558.0,0.0
CR00758,CUST00758,,,,,,,,,,,,
CR00759,CUST00759,,,,,,,,,,,,
CR00760,CUST00760,,,,,,,,,,,,
CR00761,CUST00761,,,,,,,,,,,,
CR00762,CUST00762,,,,,,,,,,,,
CR00763,CUST00763,,,,,,,,,,,,
CR00764,CUST00764,,,,,,,,,,,,
CR00765,CUST00765,low,809.0,43.0,high,1853.0,0.0,788.0,43.0,0.27,83574.0,12741.0,0.0
CR00766,CUST00766,medium,929.0,32.0,high,9139.0,0.0,132.0,30.0,0.2,93417.0,14587.0,0.0
CR00767,CUST00767,,,,,,,,,,,,
CR00768,CUST00768,,,,,,,,,,,,
CR00769,CUST00769,,,,,,,,,,,,
CR00770,CUST00770,,,,,,,,,,,,
CR00771,CUST00771,,,,,,,,,,,,
CR00772,CUST00772,,,,,,,,,,,,
CR00773,CUST00773,,,,,,,,,,,,
CR00774,CUST00774,,,,,,,,,,,,
CR00775,CUST00775,,,,,,,,,,,,
CR00776,CUST00776,,,,,,,,,,,,
CR00777,CUST00777,medium,498.0,79.0,low,8208.0,0.0,1779.0,51.0,0.41,98598.0,1238.0,0.0
CR00778,CUST00778,,,,,,,,,,,,
CR00779,CUST00779,,,,,,,,,,,,
CR00780,CUST00780,high,811.0,0.0,medium,1198.0,0.0,191.0,77.0,0.17,76970.0,44859.0,0.0
CR00781,CUST00781,,,,,,,,,,,,
CR00782,CUST00782,,,,,,,,,,,,
CR00783,CUST00783,medium,947.0,38.0,high,4886.0,0.0,111.0,70.0,0.84,73662.0,41838.0,0.0
CR00784,CUST00784,low,639.0,60.0,medium,2503.0,0.0,355.0,45.0,0.64,45643.0,2121.0,0.0
CR00785,CUST00785,low,634.0,93.0,medium,5800.0,0.0,1002.0,61.0,0.26,97994.0,8645.0,0.0
CR00786,CUST00786,,,,,,,,,,,,
CR00787,CUST00787,medium,686.0,44.0,high,4974.0,0.0,251.0,33.0,0.99,14332.0,4432.0,1.0
CR00788,CUST00788,,,,,,,,,,,,
CR00789,CUST00789,high,147.0,87.0,low,7458.0,1.0,1323.0,97.0,0.25,85476.0,41287.0,1.0
CR00790,CUST00790,,,,,,,,,,,,
CR00791,CUST00791,,,,,,,,,,,,
CR00792,CUST00792,low,863.0,24.0,low,3194.0,0.0,1679.0,33.0,0.13,20764.0,40385.0,0.0
CR00793,CUST00793,,,,,,,,,,,,
CR00794,CUST00794,,,,,,,,,,,,
CR00795,CUST00795,low,696.0,68.0,medium,6379.0,0.0,1447.0,17.0,0.1,80721.0,5868.0,0.0
CR00796,CUST00796,,,,,,,,,,,,
CR00797,CUST00797,low,187.0,3.0,medium,7390.0,0.0,422.0,54.0,0.95,28223.0,33575.0,0.0
CR00798,CUST00798,high,186.0,29.0,high,155.0,0.0,477.0,58.0,0.44,47429.0,47743.0,0.0
CR00799,CUST00799,,,,,,,,,,,,
CR00800,CUST00800,low,129.0,89.0,medium,3066.0,0.0,1730.0,56.0,0.04,90330.0,947.0,0.0
CR00801,CUST00801,medium,644.0,38.0,low,240.0,0.0,1680.0,65.0,0.07,73318.0,2660.0,1.0
CR00802,CUST00802,,,,,,,,,,,,
CR00803,CUST00803,low,368.0,70.0,medium,2652.0,0.0,1968.0,16.0,0.48,20556.0,27601.0,1.0
CR00804,CUST00804,,,,,,,,,,,,
CR00805,CUST00805,low,214.0,96.0,high,4907.0,0.0,1874.0,75.0,0.74,36688.0,5693.0,0.0
CR00806,CUST00806,,,,,,,,,,,,
CR00807,CUST00807,high,938.0,58.0,low,8556.0,0.0,1136.0,51.0,0.67,86314.0,33926.0,0.0
CR00808,CUST00808,,,,,,,,,,,,
CR00809,CUST00809,high,491.0,86.0,low,1244.0,0.0,932.0,64.0,0.78,97179.0,42129.0,0.0
CR00810,CUST00810,,,,,,,,,,,,
CR00811,CUST00811,,,,,,,,,,,,
CR00812,CUST00812,low,530.0,9.0,low,9744.0,0.0,777.0,13.0,0.13,88918.0,45217.0,1.0
CR00813,CUST00813,,,,,,,,,,,,
CR00814,CUST00814,high,702.0,38.0,high,6271.0,0.0,611.0,27.0,0.5,1144.0,32699.0,0.0
CR00815,CUST00815,,,,,,,,,,,,
CR00816,CUST00816,,,,,,,,,,,,
CR00817,CUST00817,medium,870.0,53.0,high,660.0,0.0,1413.0,25.0,0.51,72264.0,33744.0,0.0
CR00818,CUST00818,,,,,,,,,,,,
CR00819,CUST00819,medium,563.0,52.0,medium,218.0,0.0,1045.0,76.0,0.71,91549.0,49738.0,1.0
CR00820,CUST00820,medium,244.0,58.0,low,4691.0,0.0,1920.0,16.0,0.65,12550.0,22660.0,0.0
CR00821,CUST00821,,,,,,,,,,,,
CR00822,CUST00822,medium,359.0,60.0,low,4390.0,0.0,352.0,47.0,0.84,67058.0,33329.0,0.0
CR00823,CUST00823,high,505.0,21.0,high,1305.0,0.0,1942.0,77.0,0.42,91483.0,45534.0,0.0
CR00824,CUST00824,,,,,,,,,,,,
CR00825,CUST00825,,,,,,,,,,,,
CR00826,CUST00826,,,,,,,,,,,,
CR00827,CUST00827,,,,,,,,,,,,
CR00828,CUST00828,high,729.0,21.0,high,3859.0,0.0,1083.0,17.0,0.23,41423.0,41713.0,0.0
CR00829,CUST00829,high,207.0,18.0,low,4127.0,0.0,770.0,20.0,0.25,13851.0,15354.0,1.0
CR00830,CUST00830,medium,857.0,82.0,high,3703.0,0.0,1915.0,11.0,0.03,67703.0,42520.0,0.0
CR00831,CUST00831,medium,821.0,3.0,medium,6636.0,0.0,843.0,78.0,0.09,60002.0,20147.0,1.0
CR00832,CUST00832,,,,,,,,,,,,
CR00833,CUST00833,,,,,,,,,,,,
CR00834,CUST00834,,,,,,,,,,,,
CR00835,CUST00835,low,826.0,77.0,low,3696.0,0.0,989.0,96.0,0.9,925.0,16321.0,0.0
CR00836,CUST00836,,,,,,,,,,,,
CR00837,CUST00837,,,,,,,,,,,,
CR00838,CUST00838,high,142.0,23.0,medium,1519.0,0.0,526.0,85.0,0.08,67114.0,45366.0,0.0
CR00839,CUST00839,,,,,,,,,,,,
CR00840,CUST00840,,,,,,,,,,,,
CR00841,CUST00841,,,,,,,,,,,,
CR00842,CUST00842,medium,83.0,33.0,high,807.0,0.0,1830.0,83.0,0.94,56902.0,14662.0,1.0
CR00843,CUST00843,high,968.0,33.0,low,8900.0,0.0,1393.0,83.0,0.74,38092.0,5483.0,0.0
CR00844,CUST00844,,,,,,,,,,,,
CR00845,CUST00845,medium,288.0,36.0,low,619.0,0.0,1909.0,20.0,0.02,14537.0,12501.0,0.0
CR00846,CUST00846,,,,,,,,,,,,
CR00847,CUST00847,,,,,,,,,,,,
CR00848,CUST00848,,,,,,,,,,,,
CR00849,CUST00849,low,557.0,79.0,high,4153.0,0.0,191.0,77.0,0.34,31426.0,29341.0,1.0
CR00850,CUST00850,,,,,,,,,,,,
CR00851,CUST00851,low,405.0,20.0,high,5814.0,0.0,565.0,54.0,0.2,13760.0,6255.0,0.0
CR00852,CUST00852,medium,423.0,19.0,high,3747.0,0.0,246.0,68.0,0.45,14028.0,13803.0,0.0
CR00853,CUST00853,,,,,,,,,,,,
CR00854,CUST00854,,,,,,,,,,,,
CR00855,CUST00855,,,,,,,,,,,,
CR00856,CUST00856,,,,,,,,,,,,
CR00857,CUST00857,high,298.0,67.0,medium,5240.0,0.0,646.0,5.0,0.72,17332.0,29534.0,0.0
CR00858,CUST00858,,,,,,,,,,,,
CR00859,CUST00859,low,509.0,77.0,high,8725.0,0.0,1513.0,14.0,0.94,7591.0,12996.0,0.0
CR00860,CUST00860,medium,776.0,66.0,high,8520.0,0.0,171.0,20.0,0.25,65254.0,49262.0,0.0
CR00861,CUST00861,,,,,,,,,,,,
CR00862,CUST00862,,,,,,,,,,,,
CR00863,CUST00863,,,,,,,,,,,,
CR00864,CUST00864,medium,953.0,63.0,low,3967.0,0.0,958.0,12.0,0.7,78062.0,3261.0,0.0
CR00865,CUST00865,,,,,,,,,,,,
CR00866,CUST00866,,,,,,,,,,,,
CR00867,CUST00867,,,,,,,,,,,,
CR00868,CUST00868,,,,,,,,,,,,
CR00869,CUST00869,,,,,,,,,,,,
CR00870,CUST00870,,,,,,,,,,,,
CR00871,CUST00871,,,,,,,,,,,,
CR00872,CUST00872,low,70.0,53.0,medium,3490.0,0.0,1013.0,96.0,0.84,42399.0,48330.0,0.0
CR00873,CUST00873,low,824.0,71.0,high,324.0,0.0,1716.0,27.0,0.24,35885.0,30720.0,0.0
CR00874,CUST00874,,,,,,,,,,,,
CR00875,CUST00875,medium,268.0,34.0,low,2351.0,0.0,531.0,23.0,0.15,6421.0,24591.0,0.0
CR00876,CUST00876,medium,405.0,61.0,low,2746.0,0.0,1140.0,90.0,0.57,19396.0,17952.0,0.0
CR00877,CUST00877,,,,,,,,,,,,
CR00878,CUST00878,,,,,,,,,,,,
CR00879,CUST00879,,,,,,,,,,,,
CR00880,CUST00880,,,,,,,,,,,,
CR00881,CUST00881,,,,,,,,,,,,
CR00882,CUST00882,,,,,,,,,,,,
CR00883,CUST00883,,,,,,,,,,,,
CR00884,CUST00884,medium,469.0,69.0,low,7410.0,0.0,1938.0,23.0,0.51,97354.0,12822.0,1.0
CR00885,CUST00885,,,,,,,,,,,,
CR00886,CUST00886,,,,,,,,,,,,
CR00887,CUST00887,,,,,,,,,,,,
CR00888,CUST00888,,,,,,,,,,,,
CR00889,CUST00889,,,,,,,,,,,,
CR00890,CUST00890,high,799.0,55.0,medium,1536.0,0.0,659.0,17.0,0.1,84403.0,40487.0,0.0
CR00891,CUST00891,,,,,,,,,,,,
CR00892,CUST00892,low,91.0,93.0,medium,6253.0,0.0,1338.0,68.0,0.95,42850.0,13018.0,1.0
CR00893,CUST00893,high,664.0,96.0,low,9950.0,0.0,994.0,23.0,0.06,25832.0,31210.0,1.0
CR00894,CUST00894,,,,,,,,,,,,
CR00895,CUST00895,,,,,,,,,,,,
CR00896,CUST00896,high,360.0,10.0,high,8518.0,0.0,366.0,2.0,0.72,87508.0,17985.0,0.0
CR00897,CUST00897,low,453.0,42.0,medium,2025.0,0.0,804.0,20.0,0.05,29346.0,47971.0,0.0
CR00898,CUST00898,,,,,,,,,,,,
CR00899,CUST00899,medium,117.0,15.0,medium,1702.0,0.0,563.0,0.0,0.01,50054.0,38487.0,0.0
CR00900,CUST00900,low,653.0,17.0,low,955.0,0.0,222.0,32.0,0.62,93616.0,6624.0,0.0
CR00901,CUST00901,high,845.0,86.0,low,9624.0,0.0,897.0,54.0,0.22,29030.0,44067.0,0.0
CR00902,CUST00902,medium,707.0,15.0,medium,2892.0,0.0,816.0,24.0,0.47,17875.0,4975.0,1.0
CR00903,CUST00903,,,,,,,,,,,,
CR00904,CUST00904,high,559.0,17.0,high,1959.0,0.0,1015.0,66.0,0.6,84886.0,13346.0,0.0
CR00905,CUST00905,,,,,,,,,,,,
CR00906,CUST00906,,,,,,,,,,,,
CR00907,CUST00907,low,843.0,84.0,high,9888.0,0.0,396.0,31.0,0.96,35972.0,16959.0,0.0
CR00908,CUST00908,high,391.0,26.0,high,2098.0,0.0,1066.0,34.0,0.56,36492.0,32217.0,1.0
CR00909,CUST00909,,,,,,,,,,,,
CR00910,CUST00910,high,499.0,63.0,high,8762.0,0.0,1975.0,10.0,0.77,13217.0,23362.0,0.0
CR00911,CUST00911,medium,647.0,28.0,low,671.0,0.0,374.0,73.0,0.11,41341.0,1236.0,0.0
CR00912,CUST00912,,,,,,,,,,,,
CR00913,CUST00913,medium,407.0,74.0,low,1617.0,0.0,1296.0,51.0,0.64,37410.0,25446.0,1.0
CR00914,CUST00914,,,,,,,,,,,,
CR00915,CUST00915,,,,,,,,,,,,
CR00916,CUST00916,medium,249.0,31.0,high,3866.0,0.0,447.0,97.0,0.03,30825.0,7750.0,0.0
CR00917,CUST00917,,,,,,,,,,,,
CR00918,CUST00918,,,,,,,,,,,,
CR00919,CUST00919,,,,,,,,,,,,
CR00920,CUST00920,high,326.0,95.0,low,6749.0,0.0,819.0,97.0,0.11,47342.0,46480.0,1.0
CR00921,CUST00921,,,,,,,,,,,,
CR00922,CUST00922,,,,,,,,,,,,
CR00923,CUST00923,,,,,,,,,,,,
CR00924,CUST00924,medium,353.0,90.0,low,8683.0,1.0,1014.0,11.0,0.76,45201.0,9497.0,0.0
CR00925,CUST00925,,,,,,,,,,,,
CR00926,CUST00926,medium,631.0,40.0,medium,9056.0,0.0,1533.0,40.0,0.68,2944.0,24336.0,0.0
CR00927,CUST00927,medium,782.0,52.0,low,7938.0,0.0,1487.0,76.0,0.33,55852.0,20497.0,0.0
CR00928,CUST00928,high,452.0,76.0,low,4694.0,0.0,611.0,24.0,0.79,59870.0,18595.0,0.0
CR00929,CUST00929,,,,,,,,,,,,
CR00930,CUST00930,,,,,,,,,,,,
CR00931,CUST00931,,,,,,,,,,,,
CR00932,CUST00932,high,600.0,62.0,high,2781.0,0.0,257.0,58.0,0.29,71918.0,42710.0,0.0
CR00933,CUST00933,low,137.0,24.0,high,1552.0,0.0,1720.0,57.0,0.01,77391.0,43262.0,0.0
CR00934,CUST00934,medium,664.0,0.0,low,6690.0,0.0,1350.0,29.0,0.32,31854.0,3896.0,0.0
CR00935,CUST00935,,,,,,,,,,,,
CR00936,CUST00936,,,,,,,,,,,,
CR00937,CUST00937,low,207.0,87.0,low,7139.0,0.0,1672.0,71.0,0.64,31811.0,15793.0,0.0
CR00938,CUST00938,high,720.0,28.0,high,2311.0,0.0,634.0,84.0,0.18,18008.0,12120.0,0.0
CR00939,CUST00939,,,,,,,,,,,,
CR00940,CUST00940,,,,,,,,,,,,
CR00941,CUST00941,,,,,,,,,,,,
CR00942,CUST00942,medium,700.0,10.0,low,8532.0,0.0,614.0,13.0,0.54,63479.0,16265.0,0.0
CR00943,CUST00943,,,,,,,,,,,,
CR00944,CUST00944,medium,853.0,9.0,high,9597.0,0.0,605.0,61.0,0.41,76377.0,26135.0,1.0
CR00945,CUST00945,,,,,,,,,,,,
CR00946,CUST00946,low,389.0,77.0,medium,1849.0,0.0,1489.0,82.0,0.42,10282.0,20319.0,0.0
CR00947,CUST00947,low,837.0,83.0,medium,8299.0,0.0,91.0,76.0,0.58,17423.0,47156.0,1.0
CR00948,CUST00948,high,823.0,32.0,medium,3634.0,0.0,1752.0,62.0,0.07,19576.0,9680.0,0.0
CR00949,CUST00949,,,,,,,,,,,,
CR00950,CUST00950,high,229.0,15.0,medium,454.0,0.0,776.0,76.0,0.76,80225.0,16737.0,0.0
CR00951,CUST00951,medium,364.0,49.0,high,8550.0,0.0,54.0,61.0,0.65,393.0,12056.0,0.0
CR00952,CUST00952,,,,,,,,,,,,
CR00953,CUST00953,high,975.0,13.0,medium,3854.0,0.0,324.0,41.0,0.4,57557.0,41098.0,0.0
CR00954,CUST00954,high,938.0,23.0,low,2932.0,0.0,528.0,99.0,0.36,96777.0,22676.0,1.0
CR00955,CUST00955,medium,912.0,92.0,high,3278.0,0.0,850.0,57.0,0.09,40576.0,28564.0,1.0
CR00956,CUST00956,low,136.0,72.0,low,6009.0,0.0,1650.0,50.0,0.85,71310.0,13043.0,0.0
CR00957,CUST00957,,,,,,,,,,,,
CR00958,CUST00958,low,229.0,45.0,high,4520.0,0.0,736.0,90.0,0.99,51599.0,17251.0,0.0
CR00959,CUST00959,,,,,,,,,,,,
CR00960,CUST00960,low,502.0,19.0,high,6184.0,0.0,289.0,97.0,0.43,36817.0,3457.0,0.0
CR00961,CUST00961,high,274.0,15.0,high,3590.0,0.0,924.0,80.0,0.29,38723.0,10162.0,0.0
CR00962,CUST00962,,,,,,,,,,,,
CR00963,CUST00963,high,383.0,23.0,low,6012.0,0.0,1698.0,35.0,0.37,10019.0,41182.0,1.0
CR00964,CUST00964,,,,,,,,,,,,
CR00965,CUST00965,low,290.0,5.0,low,4586.0,0.0,1725.0,40.0,0.28,55998.0,44001.0,0.0
CR00966,CUST00966,high,998.0,32.0,low,5036.0,0.0,243.0,8.0,0.03,29144.0,11612.0,0.0
CR00967,CUST00967,high,217.0,25.0,medium,8329.0,0.0,501.0,58.0,0.14,34551.0,42926.0,0.0
CR00968,CUST00968,low,761.0,41.0,medium,6309.0,0.0,1371.0,37.0,0.67,69225.0,40363.0,0.0
CR00969,CUST00969,high,975.0,69.0,low,7305.0,0.0,680.0,22.0,0.4,15213.0,48379.0,0.0
CR00970,CUST00970,,,,,,,,,,,,
CR00971,CUST00971,,,,,,,,,,,,
CR00972,CUST00972,high,853.0,56.0,low,866.0,0.0,1529.0,2.0,0.01,77294.0,18757.0,0.0
CR00973,CUST00973,low,740.0,28.0,medium,4934.0,0.0,1377.0,93.0,0.49,97486.0,3983.0,0.0
CR00974,CUST00974,low,699.0,18.0,medium,2133.0,0.0,1973.0,74.0,0.89,83227.0,43487.0,0.0
CR00975,CUST00975,,,,,,,,,,,,
CR00976,CUST00976,high,58.0,74.0,high,5039.0,0.0,225.0,20.0,0.15,66231.0,32969.0,0.0
CR00977,CUST00977,medium,293.0,12.0,medium,8365.0,0.0,222.0,2.0,0.68,89410.0,47392.0,0.0
CR00978,CUST00978,,,,,,,,,,,,
CR00979,CUST00979,medium,223.0,73.0,high,5450.0,0.0,210.0,57.0,0.73,77081.0,25215.0,0.0
CR00980,CUST00980,,,,,,,,,,,,
CR00981,CUST00981,,,,,,,,,,,,
CR00982,CUST00982,medium,295.0,6.0,medium,301.0,0.0,719.0,93.0,0.69,81234.0,34870.0,0.0
CR00983,CUST00983,high,55.0,41.0,low,5269.0,0.0,279.0,82.0,0.63,41420.0,25382.0,1.0
CR00984,CUST00984,,,,,,,,,,,,
CR00985,CUST00985,medium,275.0,58.0,low,4923.0,0.0,547.0,47.0,0.46,46384.0,6210.0,1.0
CR00986,CUST00986,high,382.0,8.0,low,6520.0,0.0,770.0,15.0,0.8,98994.0,20407.0,1.0
CR00987,CUST00987,medium,415.0,51.0,medium,5681.0,0.0,727.0,83.0,0.83,38526.0,18088.0,0.0
CR00988,CUST00988,,,,,,,,,,,,
CR00989,CUST00989,,,,,,,,,,,,
CR00990,CUST00990,low,398.0,66.0,low,2477.0,0.0,1228.0,31.0,0.99,39056.0,22713.0,0.0
CR00991,CUST00991,high,823.0,38.0,medium,3154.0,0.0,1913.0,88.0,0.23,21500.0,40451.0,0.0
CR00992,CUST00992,low,985.0,64.0,medium,5007.0,0.0,864.0,12.0,0.64,20150.0,4958.0,0.0
CR00993,CUST00993,,,,,,,,,,,,
CR00994,CUST00994,medium,514.0,15.0,low,4570.0,0.0,678.0,9.0,0.08,57899.0,17246.0,0.0
CR00995,CUST00995,,,,,,,,,,,,
CR00996,CUST00996,,,,,,,,,,,,
CR00997,CUST00997,,,,,,,,,,,,
CR00998,CUST00998,low,930.0,97.0,medium,6038.0,0.0,397.0,91.0,0.95,66097.0,8167.0,0.0
CR00999,CUST00999,high,298.0,56.0,low,1305.0,0.0,155.0,62.0,0.85,5239.0,44785.0,0.0
