credit_report_id,credit_score,report_date,num_accounts,num_inquiries_6m,num_dependents_2y,total_debt,debt_to_income_ratio,oldest_account_age_months,bankruptcy_flag,foreclosure_flag,customer_id
CR00000,682,2025-01-11,4,5,3,80310.95,0.39,224,0,0,CUST00000
CR00001,680,2023-09-19,9,1,3,116941.81,0.14,259,0,0,CUST00001
CR00002,396,2024-07-16,10,3,2,20293.69,1.02,100,0,0,CUST00002
CR00003,606,2025-04-01,11,3,1,18635.24,0.6,308,0,0,CUST00003
CR00004,537,2024-05-22,8,1,1,69902.43,0.88,274,0,0,CUST00004
CR00005,582,2024-02-26,2,2,0,91726.33,0.15,19,0,0,CUST00005
CR00006,559,2024-08-13,14,5,2,132950.37,1.23,313,0,1,CUST00006
CR00007,408,2024-06-07,7,4,4,110151.9,0.55,113,1,0,CUST00007
CR00008,836,2023-12-25,3,0,3,109306.28,1.35,144,1,0,CUST00008
CR00009,564,2025-02-27,4,5,1,21058.52,1.16,224,0,0,CUST00009
CR00010,775,2024-02-03,14,1,4,21376.77,0.22,174,0,0,CUST00010
CR00011,637,2024-08-24,10,2,0,68148.29,0.91,284,0,0,CUST00011
CR00012,588,2024-04-07,4,4,1,52140.08,1.06,167,0,0,CUST00012
CR00013,423,2023-10-02,1,2,3,130626.04,0.4,154,0,0,CUST00013
CR00014,601,2025-05-27,4,5,3,131324.65,1.17,263,0,0,CUST00014
CR00015,550,2024-09-26,11,2,2,61515.11,0.63,153,0,0,CUST00015
CR00016,846,2023-08-28,3,5,2,66269.52,0.16,355,0,1,CUST00016
CR00017,382,2025-03-08,14,2,2,114324.48,1.23,184,1,0,CUST00017
CR00018,674,2024-06-09,9,3,2,131549.31,0.26,328,0,0,CUST00018
CR00019,564,2024-10-26,1,3,0,124557.55,0.2,345,0,0,CUST00019
CR00020,367,2025-03-03,12,1,0,52909.16,0.58,131,0,0,CUST00020
CR00021,776,2025-02-16,14,0,3,89506.99,1.49,61,0,0,CUST00021
CR00022,603,2024-02-08,4,4,2,75814.32,1.13,212,1,0,CUST00022
CR00023,781,2024-01-27,8,0,4,105695.32,0.22,87,0,0,CUST00023
CR00024,325,2023-12-07,4,4,4,96539.6,0.93,168,0,0,CUST00024
CR00025,647,2023-11-24,12,3,3,75711.72,1.01,205,0,0,CUST00025
CR00026,660,2023-09-08,1,5,0,5423.55,0.16,273,0,0,CUST00026
CR00027,679,2024-11-06,10,0,0,53045.32,0.77,153,0,0,CUST00027
CR00028,348,2024-08-31,14,0,2,127369.07,0.5,306,0,0,CUST00028
CR00029,617,2024-02-18,10,2,0,62567.18,0.22,52,0,0,CUST00029
CR00030,482,2024-03-30,9,4,2,11503.77,0.73,138,0,0,CUST00030
CR00031,318,2023-08-20,12,4,4,42435.12,1.04,312,0,1,CUST00031
CR00032,752,2023-09-08,8,0,2,5305.06,1.1,226,0,0,CUST00032
CR00033,623,2023-12-24,14,0,3,58512.69,0.27,95,1,0,CUST00033
CR00034,340,2023-10-29,7,1,4,103407.14,0.61,342,0,0,CUST00034
CR00035,417,2024-02-22,9,0,3,29918.03,0.99,128,1,0,CUST00035
CR00036,649,2025-03-04,8,1,0,105757.94,0.85,246,0,0,CUST00036
CR00037,656,2024-11-16,5,5,0,36327.45,0.75,305,0,0,CUST00037
CR00038,719,2024-10-08,3,4,0,49415.46,1.2,199,0,0,CUST00038
CR00039,494,2023-08-19,12,3,0,67492.86,0.55,59,0,0,CUST00039
CR00040,417,2024-05-29,4,3,0,81242.83,0.82,167,0,0,CUST00040
CR00041,492,2023-06-17,4,2,4,79999.71,0.63,137,0,0,CUST00041
CR00042,624,2023-11-07,8,1,3,89132.12,0.88,42,0,0,CUST00042
CR00043,675,2023-07-29,8,2,2,144782.52,0.64,166,0,0,CUST00043
CR00044,533,2024-08-19,3,1,2,26323.97,0.78,133,0,1,CUST00044
CR00045,334,2024-02-21,7,5,3,149254.41,0.86,296,0,1,CUST00045
CR00046,799,2025-05-11,1,4,3,147115.8,0.77,173,0,0,CUST00046
CR00047,642,2024-10-22,3,2,1,124888.17,1.09,261,0,0,CUST00047
CR00048,832,2023-08-10,12,2,3,55355.17,0.91,291,1,0,CUST00048
CR00049,438,2023-07-21,4,2,4,149108.02,1.33,115,0,0,CUST00049
CR00050,464,2024-01-25,7,4,3,128620.88,1.1,158,0,0,CUST00050
CR00051,566,2023-10-15,6,4,3,10507.33,1.14,16,0,0,CUST00051
CR00052,823,2024-11-10,6,0,2,72087.96,1.47,247,0,0,CUST00052
CR00053,527,2025-03-23,6,2,0,86593.2,0.72,214,1,0,CUST00053
CR00054,764,2023-08-19,3,4,2,64099.71,1.26,250,0,1,CUST00054
CR00055,347,2025-02-08,9,3,4,68676.72,1.29,339,0,0,CUST00055
CR00056,742,2023-08-30,5,4,4,139325.48,0.13,33,0,0,CUST00056
CR00057,619,2024-11-22,14,4,3,121643.4,0.49,195,0,0,CUST00057
CR00058,462,2023-12-24,3,1,1,125128.05,0.51,146,0,0,CUST00058
CR00059,848,2024-08-23,1,4,4,114247.05,1.18,139,0,0,CUST00059
CR00060,846,2025-04-25,2,0,1,16259.15,0.67,86,0,0,CUST00060
CR00061,487,2024-06-24,13,4,1,5882.87,0.24,27,0,0,CUST00061
CR00062,461,2024-01-23,10,3,3,26053.49,1.09,195,0,0,CUST00062
CR00063,594,2025-04-18,3,5,2,8193.9,0.92,306,0,0,CUST00063
CR00064,736,2024-11-08,13,4,2,56883.04,1.01,225,0,0,CUST00064
CR00065,843,2025-04-29,14,1,1,124107.64,0.88,159,0,0,CUST00065
CR00066,711,2025-01-17,14,3,4,121573.98,0.87,202,0,0,CUST00066
CR00067,765,2023-11-16,12,5,1,24405.11,0.98,86,0,0,CUST00067
CR00068,740,2024-05-26,1,1,4,11793.53,0.49,305,0,0,CUST00068
CR00069,689,2024-08-05,5,3,0,16993.74,1.4,132,0,0,CUST00069
CR00070,727,2024-10-12,4,3,1,134321.46,0.71,188,0,0,CUST00070
CR00071,720,2023-07-11,1,1,1,86871.21,1.4,228,0,0,CUST00071
CR00072,322,2024-02-24,5,4,2,101625.88,1.45,22,1,0,CUST00072
CR00073,832,2024-02-25,4,2,2,98401.64,0.17,112,0,0,CUST00073
CR00074,654,2024-12-12,2,5,2,58622.92,0.17,24,0,0,CUST00074
CR00075,330,2025-01-23,2,0,0,131115.66,1.12,111,0,0,CUST00075
CR00076,461,2024-01-09,9,3,1,111879.0,1.46,160,0,0,CUST00076
CR00077,364,2025-04-29,4,4,3,11236.01,1.03,60,0,0,CUST00077
CR00078,343,2024-05-16,5,1,4,59968.64,0.57,348,0,0,CUST00078
CR00079,686,2023-07-26,6,0,3,91294.09,0.11,182,0,0,CUST00079
CR00080,529,2023-12-16,1,3,3,43751.63,0.41,103,1,0,CUST00080
CR00081,474,2025-05-19,14,0,1,31352.18,0.71,235,0,0,CUST00081
CR00082,818,2024-08-26,4,0,3,5196.28,0.52,146,0,0,CUST00082
CR00083,459,2024-05-01,11,0,0,47215.92,0.39,70,0,0,CUST00083
CR00084,788,2024-06-28,13,1,1,75191.18,1.15,229,0,1,CUST00084
CR00085,733,2024-05-30,11,3,0,34722.28,1.12,210,0,0,CUST00085
CR00086,693,2024-06-24,11,4,2,26309.59,1.24,79,0,0,CUST00086
CR00087,790,2025-02-05,1,0,3,53914.32,1.11,68,0,0,CUST00087
CR00088,541,2023-07-27,10,0,1,6137.03,0.98,259,0,1,CUST00088
CR00089,314,2024-05-07,13,1,4,144534.98,0.97,73,0,0,CUST00089
CR00090,601,2024-02-10,13,5,2,29033.72,0.72,246,0,0,CUST00090
CR00091,630,2024-03-21,13,1,2,61819.45,1.02,180,0,1,CUST00091
CR00092,389,2024-12-21,14,0,3,42633.56,0.71,30,0,0,CUST00092
CR00093,453,2024-01-11,6,3,3,119926.29,1.37,284,1,0,CUST00093
CR00094,749,2024-12-06,2,4,1,74150.52,1.11,105,0,0,CUST00094
CR00095,486,2024-07-14,4,1,4,77339.87,0.12,85,0,0,CUST00095
CR00096,455,2024-10-10,10,2,4,37201.0,0.55,333,0,0,CUST00096
CR00097,454,2023-06-28,9,4,2,134723.21,0.1,239,0,0,CUST00097
CR00098,845,2024-06-08,3,0,0,115346.15,0.62,128,0,0,CUST00098
CR00099,658,2024-02-28,11,1,0,119194.62,0.45,192,0,0,CUST00099
CR00100,413,2024-05-01,1,1,1,138144.67,0.24,277,0,0,CUST00100
CR00101,492,2023-09-13,1,5,1,103534.74,0.41,79,0,0,CUST00101
CR00102,398,2025-05-19,12,1,2,45961.93,0.59,314,1,0,CUST00102
CR00103,704,2023-06-28,14,3,1,133888.68,0.86,120,0,0,CUST00103
CR00104,446,2023-07-15,7,5,3,97226.16,0.61,282,0,0,CUST00104
CR00105,666,2024-09-01,8,2,4,110378.64,1.18,35,0,0,CUST00105
CR00106,732,2023-07-01,7,4,3,66658.09,0.15,265,0,0,CUST00106
CR00107,808,2023-08-11,9,3,4,109853.6,0.38,114,0,0,CUST00107
CR00108,814,2023-10-17,3,5,3,145192.6,0.41,250,0,0,CUST00108
CR00109,605,2024-12-03,14,5,4,108330.09,1.24,217,0,0,CUST00109
CR00110,346,2024-05-08,6,3,4,83658.3,0.31,283,0,0,CUST00110
CR00111,501,2025-03-10,11,1,0,43982.78,0.98,225,0,0,CUST00111
CR00112,735,2024-03-21,9,2,4,86213.3,1.19,202,0,0,CUST00112
CR00113,788,2024-09-29,8,1,2,121510.13,0.27,178,0,0,CUST00113
CR00114,717,2023-08-24,11,0,4,25614.71,0.4,351,1,0,CUST00114
CR00115,375,2023-11-25,13,0,0,60175.07,0.33,43,0,0,CUST00115
CR00116,668,2025-02-27,3,2,3,23035.51,1.22,300,1,0,CUST00116
CR00117,614,2024-02-06,13,2,0,82472.13,0.86,204,0,0,CUST00117
CR00118,824,2024-05-20,14,2,2,62500.28,0.28,100,0,0,CUST00118
CR00119,450,2025-02-22,2,5,2,77719.74,0.2,217,0,0,CUST00119
CR00120,478,2024-02-09,2,3,3,32102.59,0.13,64,0,0,CUST00120
CR00121,700,2024-05-07,6,0,4,111241.36,0.67,129,0,0,CUST00121
CR00122,349,2025-01-24,9,2,4,15456.11,0.39,178,1,0,CUST00122
CR00123,690,2024-11-26,7,5,2,118863.98,0.94,40,0,0,CUST00123
CR00124,660,2025-03-08,9,1,4,146680.11,0.24,69,0,0,CUST00124
CR00125,381,2023-06-10,10,3,0,34643.88,0.83,82,0,0,CUST00125
CR00126,644,2024-12-28,3,1,3,84692.91,1.07,165,0,0,CUST00126
CR00127,794,2025-02-26,6,3,2,67404.34,1.07,95,0,0,CUST00127
CR00128,608,2024-01-10,2,5,2,59122.67,0.89,84,0,0,CUST00128
CR00129,742,2025-04-08,4,2,3,5292.69,0.34,94,0,0,CUST00129
CR00130,378,2025-03-10,11,5,2,133034.1,0.38,289,0,0,CUST00130
CR00131,583,2025-01-04,1,0,4,89524.28,0.45,175,1,0,CUST00131
CR00132,372,2024-11-27,13,5,1,112214.19,0.4,177,0,0,CUST00132
CR00133,353,2024-03-15,2,2,3,113515.73,1.38,282,0,0,CUST00133
CR00134,547,2024-12-01,12,0,2,97464.8,0.44,223,0,0,CUST00134
CR00135,450,2024-04-25,4,0,0,7292.91,0.21,301,0,0,CUST00135
CR00136,613,2023-06-11,1,2,1,58969.06,0.57,349,0,0,CUST00136
CR00137,742,2023-08-22,13,5,2,94433.62,1.14,102,0,0,CUST00137
CR00138,789,2024-03-18,1,0,4,89745.09,0.85,295,1,0,CUST00138
CR00139,486,2025-03-24,5,1,4,131689.82,0.99,241,0,0,CUST00139
CR00140,551,2023-12-17,11,4,3,65811.49,0.8,150,0,0,CUST00140
CR00141,513,2023-10-01,7,4,2,76208.88,1.4,218,0,0,CUST00141
CR00142,420,2024-10-04,1,5,4,28267.08,0.2,213,1,0,CUST00142
CR00143,602,2024-12-10,4,2,2,121847.46,0.11,151,0,0,CUST00143
CR00144,834,2024-05-28,9,4,4,56299.43,1.26,164,0,0,CUST00144
CR00145,688,2024-05-20,4,5,1,59160.43,0.48,347,0,0,CUST00145
CR00146,436,2024-06-07,6,2,4,77954.21,0.37,129,0,0,CUST00146
CR00147,375,2023-12-14,7,2,0,6921.4,0.51,250,0,0,CUST00147
CR00148,671,2024-09-22,7,4,0,112390.79,1.31,145,0,0,CUST00148
CR00149,588,2025-05-03,14,0,2,111200.01,1.33,133,0,0,CUST00149
CR00150,533,2024-06-05,12,2,2,53672.71,1.15,163,0,0,CUST00150
CR00151,474,2023-06-10,1,5,0,83431.23,1.08,186,0,0,CUST00151
CR00152,653,2024-04-20,3,4,0,96555.74,0.85,216,0,0,CUST00152
CR00153,616,2023-12-05,13,1,0,34906.56,0.65,316,0,0,CUST00153
CR00154,402,2025-04-05,5,0,0,93643.81,1.3,262,0,0,CUST00154
CR00155,715,2024-10-15,10,3,0,111040.9,1.08,323,0,0,CUST00155
CR00156,635,2023-08-29,9,2,3,53376.12,1.21,217,0,0,CUST00156
CR00157,728,2024-10-14,3,2,4,64412.19,1.01,157,1,0,CUST00157
CR00158,833,2025-01-15,6,3,0,112746.82,1.29,127,0,0,CUST00158
CR00159,632,2024-03-12,13,5,3,149591.44,0.88,232,0,0,CUST00159
CR00160,505,2024-04-29,8,2,3,72314.59,1.11,133,0,0,CUST00160
CR00161,713,2024-05-14,11,1,0,59119.97,0.98,328,0,0,CUST00161
CR00162,435,2024-10-14,9,1,1,118384.2,1.15,306,0,0,CUST00162
CR00163,654,2024-05-20,5,2,3,112626.71,0.34,276,0,0,CUST00163
CR00164,741,2024-10-23,1,2,4,99849.25,1.34,256,0,0,CUST00164
CR00165,744,2023-09-05,13,2,2,31879.05,0.94,105,0,0,CUST00165
CR00166,694,2024-06-20,1,1,1,24379.33,0.72,290,0,0,CUST00166
CR00167,683,2024-12-10,14,5,0,43288.99,1.41,233,0,0,CUST00167
CR00168,455,2023-12-12,5,1,4,99932.82,1.25,85,0,0,CUST00168
CR00169,687,2024-03-20,7,5,3,117181.07,1.15,172,0,0,CUST00169
CR00170,833,2023-10-08,6,4,4,133827.3,1.25,327,0,0,CUST00170
CR00171,516,2024-11-08,8,5,2,79559.15,1.13,115,0,0,CUST00171
CR00172,563,2024-09-03,11,0,4,14752.11,0.23,287,1,0,CUST00172
CR00173,390,2024-03-31,13,1,2,149656.1,0.44,154,0,0,CUST00173
CR00174,758,2024-05-23,11,4,2,63871.71,0.12,315,0,0,CUST00174
CR00175,714,2025-02-24,14,1,0,115533.88,0.15,218,0,0,CUST00175
CR00176,814,2024-01-08,5,4,4,90105.79,0.91,72,0,0,CUST00176
CR00177,749,2023-09-07,10,4,2,88931.82,0.9,354,1,0,CUST00177
CR00178,839,2024-04-08,5,2,4,149366.51,1.47,257,0,0,CUST00178
CR00179,313,2024-09-09,11,2,4,102844.01,1.05,221,0,0,CUST00179
CR00180,642,2025-05-08,9,2,0,99052.65,0.49,350,0,0,CUST00180
CR00181,492,2023-09-21,8,3,1,101825.29,1.27,153,0,0,CUST00181
CR00182,674,2024-04-02,11,2,3,70956.5,1.06,177,0,0,CUST00182
CR00183,393,2025-05-05,13,4,1,88028.05,0.49,303,0,0,CUST00183
CR00184,449,2023-09-08,4,4,1,17261.98,0.95,127,0,0,CUST00184
CR00185,818,2024-12-28,13,2,2,111926.78,0.5,84,1,0,CUST00185
CR00186,533,2025-02-26,1,0,4,14047.14,0.57,242,0,0,CUST00186
CR00187,363,2025-05-14,10,5,4,17340.01,0.64,82,0,0,CUST00187
CR00188,575,2023-12-07,2,5,1,15849.07,0.71,95,1,0,CUST00188
CR00189,595,2023-12-03,12,2,4,38713.37,0.28,50,0,0,CUST00189
CR00190,312,2024-09-02,4,4,1,122308.43,0.31,177,0,0,CUST00190
CR00191,770,2023-11-02,6,1,2,86694.21,1.23,203,0,0,CUST00191
CR00192,537,2024-04-10,8,2,3,44677.86,0.78,156,0,1,CUST00192
CR00193,789,2024-07-10,9,1,4,65698.05,0.74,100,0,0,CUST00193
CR00194,698,2024-02-28,10,4,0,115948.25,1.42,229,0,0,CUST00194
CR00195,500,2023-11-19,12,3,2,100421.97,0.26,59,0,0,CUST00195
CR00196,486,2025-05-30,9,5,4,134033.14,1.24,88,0,0,CUST00196
CR00197,609,2025-05-01,4,3,0,112532.38,0.49,202,0,0,CUST00197
CR00198,750,2025-03-18,12,2,4,63950.73,1.36,107,1,1,CUST00198
CR00199,371,2023-10-18,14,0,2,141139.77,1.35,87,0,0,CUST00199
CR00200,554,2024-05-09,5,5,3,102550.87,0.41,265,0,0,CUST00200
CR00201,682,2023-11-13,6,3,4,95404.29,0.94,287,0,0,CUST00201
CR00202,780,2024-03-03,1,4,0,47622.62,0.43,230,0,0,CUST00202
CR00203,614,2024-05-28,10,2,4,72870.01,0.75,200,0,0,CUST00203
CR00204,810,2024-11-11,1,5,4,116570.09,0.66,105,0,0,CUST00204
CR00205,766,2024-08-16,4,0,3,78928.83,0.8,191,0,0,CUST00205
CR00206,666,2025-03-09,1,3,2,114291.44,0.4,299,0,0,CUST00206
CR00207,371,2023-10-08,11,5,3,60063.97,1.22,201,0,0,CUST00207
CR00208,572,2024-09-28,1,1,4,129191.54,1.27,67,0,0,CUST00208
CR00209,792,2023-11-03,3,5,0,46006.16,0.69,355,0,1,CUST00209
CR00210,362,2024-06-03,8,2,3,91607.4,1.01,195,0,0,CUST00210
CR00211,418,2023-09-08,5,2,3,112164.71,0.49,310,0,0,CUST00211
CR00212,587,2024-11-30,1,0,3,95289.98,1.49,197,0,0,CUST00212
CR00213,509,2024-09-30,8,0,3,31931.3,0.62,148,0,0,CUST00213
CR00214,586,2023-10-16,8,5,4,69773.61,0.8,261,0,0,CUST00214
CR00215,372,2024-07-05,10,3,1,30692.91,0.51,206,0,0,CUST00215
CR00216,570,2024-05-02,3,3,0,101210.92,0.68,173,0,0,CUST00216
CR00217,439,2024-12-13,7,3,0,68808.42,1.12,160,0,0,CUST00217
CR00218,768,2025-02-24,14,4,0,21953.91,1.06,261,0,0,CUST00218
CR00219,324,2024-04-18,5,0,1,84270.87,1.36,123,0,0,CUST00219
CR00220,390,2024-08-02,2,4,3,131587.81,0.83,203,0,0,CUST00220
CR00221,644,2025-04-05,4,0,2,121142.2,0.25,248,0,0,CUST00221
CR00222,742,2024-10-23,13,5,4,37809.91,1.35,13,0,0,CUST00222
CR00223,329,2024-03-24,11,3,3,19973.43,0.34,231,1,0,CUST00223
CR00224,794,2023-06-30,2,3,0,105341.63,0.74,51,1,0,CUST00224
CR00225,490,2023-08-09,10,5,1,124415.07,1.25,177,0,0,CUST00225
CR00226,828,2024-05-07,6,1,4,17279.81,0.75,89,1,0,CUST00226
CR00227,825,2024-06-19,8,4,4,60768.61,0.74,256,0,0,CUST00227
CR00228,706,2025-05-17,9,1,1,140880.8,0.54,209,0,0,CUST00228
CR00229,687,2023-07-20,1,0,4,37477.47,0.43,30,0,0,CUST00229
CR00230,718,2024-01-04,1,2,2,38564.61,1.05,133,0,0,CUST00230
CR00231,616,2024-07-26,13,0,2,144527.91,0.72,175,0,0,CUST00231
CR00232,697,2024-07-07,5,5,3,85667.56,0.14,201,0,0,CUST00232
CR00233,536,2024-10-29,2,2,2,43039.73,0.54,275,0,0,CUST00233
CR00234,402,2025-04-18,10,4,0,46426.44,0.23,241,0,0,CUST00234
CR00235,722,2025-03-02,12,1,2,134571.22,1.02,133,0,0,CUST00235
CR00236,392,2023-09-19,7,5,1,127410.79,0.78,107,0,0,CUST00236
CR00237,305,2024-10-24,8,2,2,125130.78,1.1,107,1,0,CUST00237
CR00238,715,2024-09-02,6,5,2,142279.66,0.66,258,0,1,CUST00238
CR00239,814,2025-03-02,9,3,3,100628.37,1.06,124,0,0,CUST00239
CR00240,382,2024-10-18,13,4,3,84236.49,0.68,248,0,0,CUST00240
CR00241,789,2024-05-08,9,5,1,54379.0,1.23,36,0,0,CUST00241
CR00242,398,2024-07-21,11,2,4,126067.34,1.46,220,0,0,CUST00242
CR00243,420,2024-07-06,10,1,2,10711.82,0.9,29,0,0,CUST00243
CR00244,561,2024-01-24,9,3,2,49432.76,0.16,87,0,0,CUST00244
CR00245,773,2025-03-31,11,2,2,87080.39,1.15,202,0,0,CUST00245
CR00246,311,2023-06-26,13,5,2,121819.08,0.41,303,0,0,CUST00246
CR00247,474,2025-02-04,12,4,1,101105.46,1.32,304,0,0,CUST00247
CR00248,730,2023-09-14,14,3,2,36356.33,0.39,176,0,0,CUST00248
CR00249,580,2023-07-21,6,3,1,64226.06,1.05,41,0,0,CUST00249
CR00250,726,2023-07-11,14,5,4,54998.55,0.57,340,0,0,CUST00250
CR00251,415,2023-08-05,9,3,0,84109.41,0.25,16,0,0,CUST00251
CR00252,577,2024-02-03,10,3,4,148514.68,0.14,148,0,1,CUST00252
CR00253,446,2025-01-28,10,5,2,88782.02,1.31,350,1,0,CUST00253
CR00254,486,2024-05-27,4,1,1,94721.95,1.03,155,0,0,CUST00254
CR00255,406,2023-11-03,8,0,2,85647.65,1.19,317,0,0,CUST00255
CR00256,647,2024-09-13,1,3,4,115977.69,0.45,291,0,0,CUST00256
CR00257,595,2024-07-14,2,2,2,127798.65,0.55,294,0,0,CUST00257
CR00258,615,2025-05-09,6,5,3,45008.79,1.18,277,0,0,CUST00258
CR00259,660,2024-01-01,6,1,4,99311.66,0.4,196,0,0,CUST00259
CR00260,635,2023-06-14,2,1,0,139684.63,0.56,87,0,0,CUST00260
CR00261,804,2024-04-14,2,3,3,117731.04,1.04,175,0,0,CUST00261
CR00262,377,2024-05-21,2,4,3,90842.44,0.33,291,0,0,CUST00262
CR00263,427,2023-11-11,10,3,3,148760.77,1.12,138,0,0,CUST00263
CR00264,395,2023-06-09,1,4,3,94100.44,0.91,162,0,0,CUST00264
CR00265,751,2023-07-28,5,2,3,51911.91,1.03,153,0,0,CUST00265
CR00266,826,2024-09-05,12,0,0,71797.13,0.8,272,0,0,CUST00266
CR00267,505,2024-02-05,11,0,4,108259.87,0.6,94,0,0,CUST00267
CR00268,550,2025-01-15,4,2,4,79596.89,0.22,106,0,0,CUST00268
CR00269,807,2024-01-12,11,0,0,50663.17,0.24,86,0,1,CUST00269
CR00270,353,2024-02-08,10,2,3,89493.6,1.24,69,0,0,CUST00270
CR00271,625,2024-06-29,8,4,2,57877.25,1.13,208,0,0,CUST00271
CR00272,575,2024-11-20,9,3,2,77494.05,1.12,184,0,0,CUST00272
CR00273,740,2023-12-17,6,3,3,76347.9,1.22,54,0,0,CUST00273
CR00274,325,2023-09-19,7,2,4,83499.29,0.22,222,0,1,CUST00274
CR00275,506,2024-06-15,7,5,2,97477.25,1.25,305,0,0,CUST00275
CR00276,668,2024-02-09,10,3,0,146669.59,0.86,63,0,0,CUST00276
CR00277,566,2025-05-14,7,4,3,32540.74,1.08,151,0,0,CUST00277
CR00278,345,2024-03-31,5,0,4,116146.46,1.08,127,0,0,CUST00278
CR00279,604,2024-12-11,7,5,1,64780.56,1.41,226,0,0,CUST00279
CR00280,666,2025-05-31,9,1,0,13995.33,0.58,175,0,0,CUST00280
CR00281,647,2024-08-01,1,2,3,63102.1,0.26,228,0,0,CUST00281
CR00282,480,2025-03-10,6,3,1,13909.71,1.24,18,0,1,CUST00282
CR00283,468,2024-05-29,10,1,0,92261.98,0.91,241,0,0,CUST00283
CR00284,487,2025-05-05,2,3,0,94895.44,1.08,271,0,0,CUST00284
CR00285,756,2024-07-19,13,2,4,41867.88,0.51,255,0,0,CUST00285
CR00286,676,2024-09-14,2,3,3,132421.54,0.88,262,0,0,CUST00286
CR00287,828,2023-07-07,7,5,1,73137.73,0.8,41,0,0,CUST00287
CR00288,407,2023-09-03,12,5,3,118603.09,0.49,264,0,0,CUST00288
CR00289,389,2024-01-08,13,5,3,10841.4,0.67,112,0,1,CUST00289
CR00290,841,2023-07-14,9,1,0,26625.42,1.2,166,0,0,CUST00290
CR00291,840,2025-03-28,1,2,4,68779.07,1.0,183,0,0,CUST00291
CR00292,721,2025-05-19,5,1,0,126129.02,0.38,22,0,0,CUST00292
CR00293,397,2024-07-19,13,5,1,124760.18,0.98,36,0,0,CUST00293
CR00294,443,2023-08-12,14,3,3,7077.98,0.77,161,0,0,CUST00294
CR00295,352,2025-05-27,11,1,2,101645.69,0.21,134,0,0,CUST00295
CR00296,647,2023-07-12,13,2,3,62680.05,0.82,158,0,0,CUST00296
CR00297,421,2024-07-30,4,3,2,13996.01,0.2,354,0,1,CUST00297
CR00298,308,2024-11-09,12,5,4,21463.39,1.38,338,0,0,CUST00298
CR00299,707,2024-07-21,1,4,3,11609.85,1.42,121,0,0,CUST00299
CR00300,605,2024-04-20,12,0,0,120490.24,1.16,345,0,0,CUST00300
CR00301,470,2023-07-07,6,4,2,11811.08,1.4,54,0,0,CUST00301
CR00302,743,2025-03-09,9,3,2,53016.24,1.17,148,0,0,CUST00302
CR00303,780,2024-02-12,4,5,0,19271.51,1.44,17,0,0,CUST00303
CR00304,728,2023-11-20,13,4,0,12391.36,0.96,349,0,0,CUST00304
CR00305,669,2023-08-14,12,4,1,96023.09,1.01,158,1,0,CUST00305
CR00306,313,2023-09-17,6,4,3,76031.22,0.98,225,0,0,CUST00306
CR00307,375,2024-12-19,7,3,3,111076.51,0.62,39,0,0,CUST00307
CR00308,476,2024-10-06,5,1,2,25298.17,0.68,91,0,0,CUST00308
CR00309,609,2023-08-22,6,3,2,62420.14,0.29,247,0,0,CUST00309
CR00310,384,2024-02-18,9,0,0,56384.69,0.52,354,0,0,CUST00310
CR00311,457,2024-12-13,13,2,1,88461.05,0.33,324,0,0,CUST00311
CR00312,765,2024-10-22,8,2,2,56450.62,1.19,351,0,0,CUST00312
CR00313,544,2025-01-27,13,0,4,111578.65,0.95,88,0,0,CUST00313
CR00314,700,2024-01-03,12,0,1,46786.76,0.11,145,1,0,CUST00314
CR00315,374,2023-08-26,14,1,2,30289.34,0.76,163,0,0,CUST00315
CR00316,643,2024-05-02,13,2,0,33462.67,0.13,137,0,0,CUST00316
CR00317,520,2023-09-10,3,2,0,113729.69,1.38,140,0,0,CUST00317
CR00318,738,2024-02-14,2,1,0,85494.4,0.92,133,0,0,CUST00318
CR00319,790,2024-03-15,7,1,1,80121.24,0.4,99,0,0,CUST00319
CR00320,314,2024-09-18,4,0,4,120805.09,1.41,283,0,0,CUST00320
CR00321,368,2024-09-10,7,4,3,122119.08,1.34,104,1,1,CUST00321
CR00322,629,2024-11-30,13,0,2,12137.03,0.42,20,0,0,CUST00322
CR00323,784,2023-08-15,13,1,4,35371.09,0.68,48,0,0,CUST00323
CR00324,607,2024-07-25,7,1,3,35405.09,1.47,352,1,0,CUST00324
CR00325,478,2023-09-02,5,0,1,52640.93,0.18,141,1,0,CUST00325
CR00326,405,2023-11-27,7,5,2,50267.51,0.7,351,0,0,CUST00326
CR00327,766,2023-08-24,14,5,0,58683.67,1.15,46,0,0,CUST00327
CR00328,818,2024-11-07,14,2,0,14052.54,0.78,243,0,0,CUST00328
CR00329,799,2024-05-18,3,1,0,48857.62,1.3,166,0,0,CUST00329
CR00330,817,2023-11-24,8,1,4,52583.21,0.18,185,0,0,CUST00330
CR00331,414,2023-09-14,14,1,3,121347.42,1.31,89,0,0,CUST00331
CR00332,483,2024-08-27,7,5,2,122732.2,1.42,235,0,0,CUST00332
CR00333,490,2023-10-11,8,5,3,95622.06,0.99,248,0,0,CUST00333
CR00334,763,2024-01-29,6,3,0,123980.06,1.05,189,0,0,CUST00334
CR00335,682,2024-02-10,1,2,4,147280.03,1.41,186,0,0,CUST00335
CR00336,746,2024-10-28,13,4,0,49115.07,0.29,349,0,0,CUST00336
CR00337,634,2025-03-17,6,2,1,96549.52,0.48,201,1,0,CUST00337
CR00338,787,2024-09-13,13,5,3,83917.31,1.47,90,0,0,CUST00338
CR00339,397,2025-03-24,2,5,4,9823.86,0.27,49,0,0,CUST00339
CR00340,685,2024-09-18,1,4,0,91328.12,0.68,96,0,0,CUST00340
CR00341,784,2025-01-22,2,1,0,24917.45,0.49,141,1,0,CUST00341
CR00342,689,2023-08-03,1,0,4,42642.48,0.1,318,0,0,CUST00342
CR00343,725,2024-12-26,9,1,0,85304.4,0.82,225,0,0,CUST00343
CR00344,721,2023-07-23,11,5,0,109984.23,1.4,108,0,0,CUST00344
CR00345,424,2024-07-09,2,2,2,112884.14,1.1,117,0,0,CUST00345
CR00346,617,2024-11-06,2,1,1,44803.47,0.97,29,0,0,CUST00346
CR00347,470,2023-09-10,7,4,1,132230.56,1.18,193,0,0,CUST00347
CR00348,370,2023-12-03,8,1,1,86552.26,0.49,204,0,0,CUST00348
CR00349,662,2023-12-17,13,4,1,55109.04,0.11,343,1,0,CUST00349
CR00350,497,2023-08-23,4,2,0,142952.54,0.29,94,0,0,CUST00350
CR00351,585,2024-07-14,13,5,2,136268.35,0.79,53,0,1,CUST00351
CR00352,411,2024-01-11,2,1,0,50621.19,1.04,218,0,0,CUST00352
CR00353,781,2023-12-23,3,1,4,11197.24,1.31,209,0,1,CUST00353
CR00354,518,2025-02-18,5,4,3,68810.31,0.78,37,0,0,CUST00354
CR00355,470,2024-03-11,1,0,2,133787.75,0.38,338,0,0,CUST00355
CR00356,751,2024-12-19,14,5,2,106635.63,0.37,92,0,0,CUST00356
CR00357,639,2024-09-04,1,5,4,63217.15,1.21,56,0,1,CUST00357
CR00358,760,2024-03-08,7,3,2,56087.42,0.16,120,0,0,CUST00358
CR00359,368,2024-01-18,13,1,1,20758.97,1.47,130,0,0,CUST00359
CR00360,846,2024-08-08,3,4,1,70290.96,0.84,82,0,0,CUST00360
CR00361,342,2024-01-25,7,0,0,86470.25,1.04,17,0,0,CUST00361
CR00362,525,2024-07-23,14,3,4,60407.91,0.29,85,1,0,CUST00362
CR00363,355,2024-02-06,9,5,2,108336.51,0.37,198,0,0,CUST00363
CR00364,591,2023-10-01,2,4,0,104161.17,0.14,214,0,0,CUST00364
CR00365,726,2025-04-14,5,5,0,16684.22,0.31,131,0,0,CUST00365
CR00366,429,2025-01-04,9,3,0,54711.65,0.26,317,1,0,CUST00366
CR00367,640,2024-05-19,5,1,4,85329.02,0.85,285,0,0,CUST00367
CR00368,381,2024-07-23,1,0,0,21661.42,0.11,58,0,0,CUST00368
CR00369,378,2024-12-25,11,3,4,131530.75,0.22,37,0,0,CUST00369
CR00370,391,2024-04-21,1,1,4,32598.86,1.38,286,0,0,CUST00370
CR00371,476,2024-04-11,8,2,2,120463.6,1.27,211,0,0,CUST00371
CR00372,345,2024-08-19,14,3,4,112999.64,0.72,36,0,0,CUST00372
CR00373,741,2024-07-31,8,4,3,94784.63,0.77,82,0,0,CUST00373
CR00374,389,2025-03-03,14,0,1,8895.81,0.63,79,0,1,CUST00374
CR00375,697,2024-10-18,12,5,0,135203.51,0.84,280,0,0,CUST00375
CR00376,581,2023-07-17,5,3,3,12798.38,0.13,98,0,0,CUST00376
CR00377,553,2024-06-08,12,1,3,129259.84,1.41,194,0,0,CUST00377
CR00378,377,2025-03-14,3,1,3,99027.36,0.2,203,0,0,CUST00378
CR00379,479,2025-01-20,11,5,4,62077.15,0.76,59,0,0,CUST00379
CR00380,656,2024-04-21,7,2,4,31363.56,0.7,80,0,0,CUST00380
CR00381,570,2025-01-03,3,4,0,80121.19,1.15,278,0,0,CUST00381
CR00382,846,2024-10-15,7,5,1,139873.95,0.84,249,0,0,CUST00382
CR00383,815,2024-11-24,10,4,1,60061.92,0.96,143,0,0,CUST00383
CR00384,311,2025-04-27,1,1,1,31648.78,0.56,278,0,0,CUST00384
CR00385,301,2024-02-24,8,1,2,24773.7,1.12,223,0,0,CUST00385
CR00386,759,2024-07-23,13,5,1,45129.35,0.88,317,0,0,CUST00386
CR00387,434,2025-05-22,9,0,1,111884.2,0.15,55,0,0,CUST00387
CR00388,745,2024-11-15,10,5,0,95410.28,0.19,62,0,1,CUST00388
CR00389,547,2023-09-25,6,4,0,39308.42,0.78,29,0,0,CUST00389
CR00390,651,2024-08-21,12,1,2,42026.24,1.26,43,1,0,CUST00390
CR00391,356,2023-11-25,4,5,4,109265.96,0.87,300,0,0,CUST00391
CR00392,528,2023-08-02,2,3,2,129815.85,0.58,121,0,0,CUST00392
CR00393,841,2024-06-02,12,4,1,63615.04,1.49,205,1,0,CUST00393
CR00394,824,2024-10-26,8,0,3,127986.32,1.06,286,0,0,CUST00394
CR00395,439,2024-12-27,8,1,4,21428.44,0.34,123,0,0,CUST00395
CR00396,312,2024-03-18,3,4,2,128547.02,0.88,261,0,0,CUST00396
CR00397,407,2023-12-03,12,1,4,129796.83,1.07,138,0,0,CUST00397
CR00398,387,2025-02-24,12,5,3,121295.55,0.32,16,0,0,CUST00398
CR00399,468,2025-05-07,5,5,1,127520.77,0.77,274,0,0,CUST00399
CR00400,554,2024-03-30,4,4,0,35310.37,1.07,162,0,0,CUST00400
CR00401,536,2024-02-16,1,2,4,23901.2,0.38,200,1,0,CUST00401
CR00402,708,2025-01-22,12,3,1,123415.01,1.34,231,0,0,CUST00402
CR00403,583,2024-07-13,8,2,4,146660.0,0.36,114,1,0,CUST00403
CR00404,374,2024-10-22,10,5,3,96132.81,0.4,116,0,0,CUST00404
CR00405,676,2025-02-20,6,4,4,61147.36,0.5,15,1,0,CUST00405
CR00406,580,2024-04-01,7,3,1,121266.82,0.71,72,0,0,CUST00406
CR00407,809,2024-07-20,9,1,0,90993.15,0.78,266,0,0,CUST00407
CR00408,635,2024-04-19,12,3,4,46940.37,0.62,229,0,1,CUST00408
CR00409,469,2024-07-01,6,1,0,54146.99,1.21,143,0,0,CUST00409
CR00410,498,2024-04-17,7,1,0,105299.42,1.03,250,0,1,CUST00410
CR00411,350,2025-03-01,11,1,0,109002.97,0.91,38,0,0,CUST00411
CR00412,719,2024-09-29,3,5,0,17067.34,1.31,135,0,0,CUST00412
CR00413,343,2024-02-21,10,5,4,14019.74,1.25,27,0,0,CUST00413
CR00414,336,2025-04-06,13,2,4,32938.08,0.28,319,1,0,CUST00414
CR00415,727,2024-04-11,5,3,2,141289.03,0.58,277,0,0,CUST00415
CR00416,530,2024-05-21,5,1,1,41938.56,0.59,139,0,0,CUST00416
CR00417,377,2023-12-21,5,5,4,16485.91,0.17,69,0,0,CUST00417
CR00418,744,2024-04-26,8,5,2,8930.46,1.2,172,0,0,CUST00418
CR00419,745,2023-12-13,13,2,0,148069.7,0.45,106,0,0,CUST00419
CR00420,518,2023-11-02,5,3,3,70659.6,0.49,167,0,0,CUST00420
CR00421,356,2024-02-26,13,2,0,149824.98,0.18,288,0,0,CUST00421
CR00422,452,2025-03-27,13,5,4,42524.9,0.54,120,0,0,CUST00422
CR00423,667,2025-02-15,7,5,2,42513.09,0.59,212,0,0,CUST00423
CR00424,510,2023-09-22,8,5,1,144308.21,0.85,28,0,0,CUST00424
CR00425,318,2024-11-26,1,4,1,46689.12,0.85,92,0,0,CUST00425
CR00426,687,2024-03-01,6,0,4,13372.46,1.28,296,0,0,CUST00426
CR00427,313,2024-04-08,5,1,1,148591.35,0.96,28,0,0,CUST00427
CR00428,578,2024-05-18,1,0,3,39748.64,0.15,199,0,0,CUST00428
CR00429,510,2025-03-15,13,3,3,39552.0,0.41,140,0,0,CUST00429
CR00430,395,2023-10-06,14,3,1,127495.65,0.21,231,0,0,CUST00430
CR00431,381,2023-08-20,12,5,1,58946.32,0.23,49,0,0,CUST00431
CR00432,793,2024-07-08,8,2,2,84800.94,0.82,169,0,1,CUST00432
CR00433,708,2024-08-15,12,3,1,81283.63,1.06,290,0,0,CUST00433
CR00434,610,2023-06-05,4,0,0,113358.15,0.17,117,0,0,CUST00434
CR00435,657,2024-04-13,12,3,1,118007.95,0.83,119,1,0,CUST00435
CR00436,617,2024-04-24,9,2,3,60229.1,0.79,173,0,0,CUST00436
CR00437,613,2024-03-13,3,5,1,127035.19,0.14,189,0,0,CUST00437
CR00438,814,2024-08-03,6,5,1,22258.09,0.2,104,0,0,CUST00438
CR00439,675,2024-08-19,2,3,1,47010.56,0.43,145,0,0,CUST00439
CR00440,576,2023-07-19,8,5,3,131379.95,0.69,335,0,0,CUST00440
CR00441,609,2024-10-13,3,3,0,117770.55,1.3,345,0,0,CUST00441
CR00442,719,2023-08-25,8,0,2,97166.64,1.49,88,0,0,CUST00442
CR00443,470,2025-03-18,11,1,2,122685.92,0.51,227,1,0,CUST00443
CR00444,312,2024-08-03,9,0,4,87502.56,0.84,68,0,0,CUST00444
CR00445,472,2023-06-29,3,2,4,80150.56,1.11,128,0,0,CUST00445
CR00446,461,2024-05-19,3,2,4,76340.25,0.53,308,0,0,CUST00446
CR00447,763,2024-10-02,9,3,0,70985.97,0.33,102,0,0,CUST00447
CR00448,513,2023-10-03,4,0,3,10619.76,0.8,60,0,0,CUST00448
CR00449,538,2023-11-07,5,1,4,130596.64,0.8,331,0,0,CUST00449
CR00450,599,2023-09-09,2,0,2,75838.66,0.83,180,0,0,CUST00450
CR00451,391,2024-02-25,5,4,3,95777.93,0.21,325,0,0,CUST00451
CR00452,818,2024-06-19,10,4,2,60833.42,1.42,237,1,0,CUST00452
CR00453,650,2023-09-08,3,0,4,129439.98,0.34,50,1,0,CUST00453
CR00454,363,2024-03-17,13,3,2,8573.44,1.08,32,0,0,CUST00454
CR00455,365,2024-07-17,11,3,2,103738.23,1.33,110,0,0,CUST00455
CR00456,580,2023-06-23,11,5,3,10792.46,0.61,221,0,0,CUST00456
CR00457,557,2024-02-15,2,3,4,142297.63,0.49,175,0,0,CUST00457
CR00458,686,2025-01-26,10,4,1,103964.2,1.03,241,0,0,CUST00458
CR00459,560,2024-04-02,14,2,0,6728.11,0.3,58,0,0,CUST00459
CR00460,610,2025-04-14,11,4,1,102260.93,1.25,197,0,0,CUST00460
CR00461,516,2024-04-13,11,0,4,102390.73,0.57,211,1,0,CUST00461
CR00462,747,2025-05-12,8,3,1,92834.29,0.98,104,0,0,CUST00462
CR00463,693,2024-10-12,13,5,3,32293.67,0.36,353,1,0,CUST00463
CR00464,392,2025-02-03,6,3,4,52377.14,0.59,102,0,0,CUST00464
CR00465,519,2024-02-10,8,4,4,134501.49,1.07,294,0,0,CUST00465
CR00466,372,2023-11-03,5,2,0,16224.68,0.82,164,0,0,CUST00466
CR00467,613,2023-07-20,6,4,1,15264.76,1.02,13,0,0,CUST00467
CR00468,402,2025-04-26,8,3,0,7779.34,0.7,128,0,0,CUST00468
CR00469,794,2025-02-02,3,5,2,36570.69,0.97,312,1,0,CUST00469
CR00470,810,2024-05-24,10,2,3,37231.0,0.39,70,0,0,CUST00470
CR00471,570,2025-04-12,9,1,2,125740.59,0.79,79,0,0,CUST00471
CR00472,693,2023-07-07,11,1,1,47748.5,0.6,226,0,0,CUST00472
CR00473,306,2023-06-18,1,1,0,20003.88,1.02,143,0,0,CUST00473
CR00474,327,2023-10-09,13,0,3,32303.87,0.53,321,0,0,CUST00474
CR00475,624,2025-02-05,3,5,2,111378.21,1.28,175,0,0,CUST00475
CR00476,765,2023-11-20,2,0,1,82904.97,1.05,311,0,0,CUST00476
CR00477,635,2023-10-24,12,2,0,66593.58,0.58,13,0,0,CUST00477
CR00478,358,2024-02-03,1,2,1,104568.4,0.44,13,0,0,CUST00478
CR00479,528,2025-05-21,2,3,3,75939.63,0.4,23,0,0,CUST00479
CR00480,405,2024-07-31,10,2,0,143160.99,0.44,111,0,0,CUST00480
CR00481,328,2024-05-10,13,1,0,42287.09,1.11,168,0,0,CUST00481
CR00482,740,2025-04-05,1,3,2,99580.76,0.67,73,0,0,CUST00482
CR00483,554,2025-03-22,4,1,0,121796.93,0.21,103,0,0,CUST00483
CR00484,397,2025-02-02,12,4,4,146728.54,1.45,43,0,0,CUST00484
CR00485,413,2024-11-26,12,4,2,34544.55,0.46,73,0,0,CUST00485
CR00486,440,2024-10-24,7,3,2,124023.11,0.49,257,0,0,CUST00486
CR00487,346,2024-08-06,2,1,4,127227.09,0.72,311,0,1,CUST00487
CR00488,682,2024-01-21,9,1,4,77504.92,0.28,66,0,0,CUST00488
CR00489,612,2024-06-06,14,4,2,61592.85,1.35,215,0,0,CUST00489
CR00490,653,2024-10-03,10,1,4,95881.73,0.14,55,0,0,CUST00490
CR00491,790,2023-11-21,13,3,1,28564.1,1.44,287,0,0,CUST00491
CR00492,627,2024-02-17,3,2,1,68117.45,0.84,181,0,0,CUST00492
CR00493,528,2024-09-05,3,0,1,30793.19,0.59,117,0,0,CUST00493
CR00494,581,2025-01-08,5,5,4,9229.63,0.86,246,0,0,CUST00494
CR00495,443,2024-11-07,13,0,1,69018.07,0.28,145,0,0,CUST00495
CR00496,515,2023-12-23,2,2,0,76393.22,0.37,258,0,0,CUST00496
CR00497,449,2024-04-02,6,5,1,82293.02,0.98,289,0,0,CUST00497
CR00498,403,2025-01-13,2,0,4,71512.24,0.35,194,0,0,CUST00498
CR00499,525,2025-04-28,3,1,1,23158.35,0.63,131,0,0,CUST00499
CR00500,796,2025-01-29,3,2,1,145046.32,0.34,144,1,0,CUST00500
CR00501,751,2024-07-17,5,0,2,5705.92,0.68,23,0,0,CUST00501
CR00502,472,2023-11-13,8,2,3,149419.08,1.22,40,0,0,CUST00502
CR00503,650,2024-09-04,10,0,2,58086.4,0.25,171,0,0,CUST00503
CR00504,514,2023-06-05,2,5,2,64150.98,1.47,345,0,0,CUST00504
CR00505,736,2023-09-12,3,5,1,135358.48,0.97,160,0,0,CUST00505
CR00506,661,2025-05-18,11,5,3,75162.2,1.36,138,0,0,CUST00506
CR00507,375,2025-05-06,7,3,1,34132.14,1.23,169,0,0,CUST00507
CR00508,368,2024-05-30,3,2,0,59666.12,1.45,105,0,1,CUST00508
CR00509,330,2024-04-01,11,0,1,106697.72,0.12,13,0,0,CUST00509
CR00510,688,2024-10-08,4,4,4,71636.63,0.8,49,0,0,CUST00510
CR00511,325,2024-05-16,6,0,0,123788.96,0.85,272,0,0,CUST00511
CR00512,670,2025-03-16,3,3,4,89814.98,0.47,196,0,0,CUST00512
CR00513,767,2023-07-08,5,5,0,24208.25,0.87,27,0,0,CUST00513
CR00514,555,2023-07-29,14,3,0,19774.3,0.12,189,0,0,CUST00514
CR00515,826,2025-03-13,4,0,4,39173.97,1.1,291,0,0,CUST00515
CR00516,815,2024-06-22,10,4,3,46924.82,0.73,40,0,0,CUST00516
CR00517,732,2024-03-21,1,0,4,140743.64,0.82,197,0,0,CUST00517
CR00518,658,2025-04-15,8,4,1,76095.31,1.29,242,0,0,CUST00518
CR00519,316,2024-02-25,3,2,2,92663.25,0.84,207,1,0,CUST00519
CR00520,822,2024-12-06,11,1,4,71797.55,0.53,91,0,0,CUST00520
CR00521,315,2023-08-18,8,5,3,48281.5,1.04,239,0,0,CUST00521
CR00522,433,2025-03-24,8,2,3,110996.5,0.21,328,0,0,CUST00522
CR00523,402,2024-01-01,1,0,4,34721.99,1.14,248,0,0,CUST00523
CR00524,481,2024-09-21,7,5,1,67188.24,0.36,296,0,0,CUST00524
CR00525,531,2025-01-29,4,1,4,89575.05,1.13,198,1,0,CUST00525
CR00526,336,2024-06-14,10,0,3,70768.06,0.15,193,0,0,CUST00526
CR00527,352,2025-01-21,12,2,2,149921.8,1.22,111,0,0,CUST00527
CR00528,826,2024-09-17,11,4,4,114664.96,0.86,141,0,0,CUST00528
CR00529,513,2024-02-20,2,5,2,121264.76,0.75,205,0,0,CUST00529
CR00530,528,2023-09-25,2,5,1,8983.23,0.67,202,0,0,CUST00530
CR00531,377,2023-10-14,8,3,2,9708.26,1.14,182,1,0,CUST00531
CR00532,448,2024-10-17,12,3,3,7298.52,1.12,80,0,0,CUST00532
CR00533,820,2023-06-14,9,2,2,13109.32,0.3,254,0,0,CUST00533
CR00534,394,2025-02-26,2,5,2,132949.33,0.9,333,0,0,CUST00534
CR00535,779,2025-01-26,7,5,3,61479.82,0.44,337,0,0,CUST00535
CR00536,528,2024-07-24,8,5,1,149978.14,0.1,225,0,0,CUST00536
CR00537,612,2024-03-16,11,3,3,5183.87,1.35,245,0,0,CUST00537
CR00538,678,2024-01-12,2,5,1,119397.04,1.05,129,0,0,CUST00538
CR00539,774,2024-04-26,4,4,0,121459.72,0.31,114,0,0,CUST00539
CR00540,592,2023-08-15,2,3,3,11847.61,0.35,143,0,0,CUST00540
CR00541,708,2025-05-29,7,5,3,5574.19,0.8,261,0,0,CUST00541
CR00542,770,2024-05-03,7,4,1,83898.27,1.14,315,0,0,CUST00542
CR00543,472,2024-02-03,10,0,3,18256.81,0.88,50,0,0,CUST00543
CR00544,373,2025-04-08,4,2,2,94839.48,1.03,217,0,0,CUST00544
CR00545,321,2024-09-13,3,4,0,71995.7,1.36,215,1,0,CUST00545
CR00546,520,2025-02-20,11,5,1,139614.02,0.19,236,0,1,CUST00546
CR00547,743,2024-06-25,1,5,3,83474.55,1.23,166,0,0,CUST00547
CR00548,809,2024-09-18,8,4,0,67656.85,1.45,109,0,0,CUST00548
CR00549,498,2024-03-01,5,5,3,106259.01,0.51,201,0,0,CUST00549
CR00550,601,2024-05-04,6,2,2,96522.27,0.33,147,0,0,CUST00550
CR00551,845,2023-12-26,12,0,0,81016.93,1.04,232,0,0,CUST00551
CR00552,504,2024-08-23,5,1,4,17233.78,1.06,126,0,0,CUST00552
CR00553,538,2023-10-07,14,1,0,142857.98,0.67,23,0,0,CUST00553
CR00554,516,2025-01-12,11,5,3,78762.37,0.44,323,0,0,CUST00554
CR00555,552,2024-12-26,14,3,2,98559.46,1.01,246,0,0,CUST00555
CR00556,321,2024-08-09,13,2,0,43896.3,1.5,114,0,0,CUST00556
CR00557,530,2023-12-15,10,5,1,83380.14,0.74,344,0,0,CUST00557
CR00558,727,2025-04-23,1,1,4,96266.44,0.46,154,0,0,CUST00558
CR00559,575,2024-06-16,10,3,4,54063.34,1.41,281,0,0,CUST00559
CR00560,384,2024-06-12,13,4,1,134026.28,0.94,167,0,0,CUST00560
CR00561,346,2024-11-25,7,5,2,148815.61,0.47,130,0,0,CUST00561
CR00562,351,2024-03-11,11,0,0,148643.2,0.49,166,0,0,CUST00562
CR00563,661,2025-04-17,13,0,2,120461.42,0.92,27,0,0,CUST00563
CR00564,803,2023-08-28,8,5,4,48391.02,1.15,311,0,0,CUST00564
CR00565,378,2024-10-01,9,1,3,117364.63,1.13,235,0,0,CUST00565
CR00566,415,2024-11-07,3,1,0,27750.88,1.43,356,0,0,CUST00566
CR00567,385,2024-01-21,11,1,0,79702.87,1.18,144,0,1,CUST00567
CR00568,520,2023-10-24,6,5,2,100238.21,0.38,304,0,1,CUST00568
CR00569,403,2024-10-31,1,2,3,126958.94,1.5,124,0,0,CUST00569
CR00570,417,2024-08-07,9,4,2,38407.29,1.06,124,0,0,CUST00570
CR00571,693,2024-09-10,3,3,1,128535.54,0.6,329,1,0,CUST00571
CR00572,566,2025-02-13,6,5,2,84324.13,1.01,156,0,0,CUST00572
CR00573,512,2023-06-10,8,2,2,74961.49,0.97,94,1,0,CUST00573
CR00574,539,2024-04-15,2,3,2,66533.94,1.1,248,0,0,CUST00574
CR00575,428,2023-07-09,1,3,4,23941.99,0.62,36,0,0,CUST00575
CR00576,393,2024-11-03,7,0,1,126960.56,0.15,46,0,0,CUST00576
CR00577,740,2024-04-09,13,2,1,138859.46,0.39,301,0,0,CUST00577
CR00578,427,2025-05-02,14,4,1,35365.56,0.85,45,0,0,CUST00578
CR00579,315,2023-11-24,7,4,4,149791.32,0.13,30,0,0,CUST00579
CR00580,528,2025-03-07,2,0,2,139297.98,0.11,82,1,0,CUST00580
CR00581,662,2023-11-04,13,2,1,93011.1,0.36,124,0,0,CUST00581
CR00582,754,2024-03-02,9,0,0,86074.82,0.8,29,0,0,CUST00582
CR00583,748,2024-06-03,13,4,3,47717.48,0.46,217,0,0,CUST00583
CR00584,808,2024-03-22,9,1,4,32540.25,1.25,160,0,0,CUST00584
CR00585,767,2024-05-09,1,5,3,97339.11,1.46,249,1,0,CUST00585
CR00586,819,2023-08-12,8,2,0,101006.21,1.38,97,0,0,CUST00586
CR00587,412,2023-11-22,11,4,0,46613.09,0.45,345,0,0,CUST00587
CR00588,618,2023-06-24,1,5,2,44485.73,0.26,167,0,0,CUST00588
CR00589,476,2025-05-11,5,0,3,35780.24,0.83,237,0,0,CUST00589
CR00590,753,2023-07-08,4,3,2,33327.05,0.22,260,0,0,CUST00590
CR00591,689,2024-05-16,2,5,0,33952.11,0.62,357,0,0,CUST00591
CR00592,552,2025-04-18,6,5,2,83419.92,1.25,47,0,0,CUST00592
CR00593,567,2023-11-11,10,1,2,123579.32,0.87,152,0,0,CUST00593
CR00594,427,2025-03-31,7,4,0,64026.13,1.05,282,0,0,CUST00594
CR00595,622,2024-10-23,8,2,4,135296.55,1.35,314,0,0,CUST00595
CR00596,671,2025-05-07,9,1,3,65605.43,0.45,105,0,0,CUST00596
CR00597,589,2024-08-11,8,0,2,55274.22,1.15,160,0,0,CUST00597
CR00598,703,2023-09-12,2,0,0,98722.94,1.32,214,0,0,CUST00598
CR00599,760,2023-07-25,8,4,1,11297.84,0.47,332,0,0,CUST00599
CR00600,840,2024-04-15,5,0,1,63127.91,0.52,296,0,0,CUST00600
CR00601,486,2025-03-11,10,5,3,103170.48,1.22,299,0,0,CUST00601
CR00602,684,2024-03-04,8,4,1,60460.25,0.53,242,0,0,CUST00602
CR00603,833,2023-06-28,2,5,0,120780.22,0.47,179,0,0,CUST00603
CR00604,449,2024-09-18,2,3,1,129269.21,0.68,222,0,0,CUST00604
CR00605,763,2025-05-23,5,0,2,15951.43,1.26,176,0,0,CUST00605
CR00606,513,2023-10-06,14,4,4,144423.84,1.23,31,0,0,CUST00606
CR00607,501,2024-07-03,8,3,4,86658.84,1.42,264,0,0,CUST00607
CR00608,844,2024-06-21,10,2,0,87677.15,1.31,136,0,0,CUST00608
CR00609,692,2025-03-22,12,2,0,110115.02,0.26,331,0,0,CUST00609
CR00610,535,2025-03-26,9,2,0,30745.9,1.38,20,0,0,CUST00610
CR00611,586,2023-06-08,2,0,4,86170.38,0.83,256,0,0,CUST00611
CR00612,327,2024-03-24,4,5,3,67325.53,0.5,112,0,1,CUST00612
CR00613,405,2023-06-06,7,1,0,74875.52,0.8,199,0,0,CUST00613
CR00614,404,2023-09-21,2,3,0,84829.07,1.26,193,0,0,CUST00614
CR00615,432,2023-08-31,1,3,4,19216.46,0.84,150,0,0,CUST00615
CR00616,616,2023-11-06,11,0,0,66816.15,0.57,326,0,0,CUST00616
CR00617,778,2024-12-14,1,2,3,122092.76,0.81,143,0,0,CUST00617
CR00618,686,2023-09-07,9,5,3,80446.93,1.47,289,0,0,CUST00618
CR00619,843,2024-01-27,10,3,0,63725.16,1.4,26,0,0,CUST00619
CR00620,624,2024-09-26,2,2,2,102214.77,0.5,288,0,0,CUST00620
CR00621,653,2025-04-16,10,5,0,52993.83,1.27,258,0,0,CUST00621
CR00622,658,2025-03-07,1,2,4,92353.96,0.25,342,0,1,CUST00622
CR00623,374,2024-05-09,7,1,0,143876.17,0.21,180,0,0,CUST00623
CR00624,443,2025-04-12,9,3,4,77945.53,0.22,96,0,0,CUST00624
CR00625,596,2025-06-01,2,5,1,43510.2,1.17,341,0,0,CUST00625
CR00626,437,2023-07-23,11,5,3,56941.76,0.31,342,0,0,CUST00626
CR00627,573,2024-05-08,4,5,1,75093.32,0.26,115,0,0,CUST00627
CR00628,713,2023-10-11,9,4,2,129532.03,0.98,14,0,0,CUST00628
CR00629,764,2024-04-30,4,0,2,59690.92,1.36,176,0,0,CUST00629
CR00630,352,2024-07-16,14,2,3,60008.01,1.38,58,0,0,CUST00630
CR00631,512,2025-01-10,4,3,3,94255.13,0.16,84,0,0,CUST00631
CR00632,709,2024-08-23,6,1,4,79180.64,0.32,99,1,0,CUST00632
CR00633,741,2023-12-05,12,4,1,77202.55,0.53,69,0,0,CUST00633
CR00634,667,2024-10-05,4,0,0,132924.09,0.31,262,1,0,CUST00634
CR00635,523,2023-09-13,11,3,2,72880.58,1.34,345,0,0,CUST00635
CR00636,362,2024-10-17,14,2,0,82044.29,0.66,343,0,0,CUST00636
CR00637,809,2023-07-18,7,5,0,128312.28,0.68,282,0,0,CUST00637
CR00638,529,2024-04-29,14,0,3,68226.81,1.15,63,0,0,CUST00638
CR00639,365,2023-10-10,6,3,0,140549.2,1.27,324,0,0,CUST00639
CR00640,819,2025-05-18,6,4,3,121319.44,0.59,142,0,0,CUST00640
CR00641,794,2025-03-24,9,1,2,107335.06,1.25,332,0,0,CUST00641
CR00642,432,2025-02-27,7,2,0,61141.57,0.58,122,0,0,CUST00642
CR00643,831,2024-07-14,5,2,0,121856.35,0.49,141,0,0,CUST00643
CR00644,699,2023-10-02,9,4,3,15629.34,1.35,220,0,0,CUST00644
CR00645,490,2024-10-20,3,0,4,92551.45,0.79,311,1,0,CUST00645
CR00646,719,2025-02-02,3,0,1,42612.96,0.99,151,1,1,CUST00646
CR00647,528,2023-07-05,4,0,3,90668.3,0.81,212,0,0,CUST00647
CR00648,388,2024-01-20,3,3,0,120316.74,0.29,339,0,0,CUST00648
CR00649,446,2025-03-21,7,0,1,133736.5,0.74,268,0,0,CUST00649
CR00650,506,2024-08-21,10,3,4,23997.12,0.94,350,0,0,CUST00650
CR00651,373,2024-04-09,3,0,3,7819.71,1.46,104,0,0,CUST00651
CR00652,645,2024-06-30,1,3,4,75206.75,1.01,163,0,0,CUST00652
CR00653,314,2023-06-29,10,0,2,18185.64,1.39,39,0,0,CUST00653
CR00654,528,2023-10-24,14,4,1,99863.35,0.49,81,0,0,CUST00654
CR00655,674,2025-02-26,10,5,3,50347.46,0.78,116,0,0,CUST00655
CR00656,594,2025-05-22,12,5,4,138151.33,0.67,224,0,0,CUST00656
CR00657,692,2023-08-19,7,1,4,87925.14,1.37,328,0,0,CUST00657
CR00658,734,2024-11-11,10,1,0,15216.8,0.49,73,0,0,CUST00658
CR00659,329,2024-07-05,7,5,1,138075.0,0.38,298,0,0,CUST00659
CR00660,430,2024-04-17,3,0,4,117327.58,0.47,174,0,0,CUST00660
CR00661,809,2024-12-28,13,4,0,49398.41,1.02,234,0,0,CUST00661
CR00662,406,2024-03-07,14,5,3,46719.17,1.13,37,0,0,CUST00662
CR00663,372,2025-04-08,11,4,2,71446.73,0.47,355,1,0,CUST00663
CR00664,350,2024-03-13,3,4,2,56676.62,0.24,184,1,0,CUST00664
CR00665,791,2024-04-28,4,1,4,38875.59,0.67,72,0,0,CUST00665
CR00666,708,2023-10-25,3,1,0,26015.22,0.46,211,0,0,CUST00666
CR00667,556,2024-03-24,13,2,3,24006.58,1.17,19,0,0,CUST00667
CR00668,658,2024-10-08,10,5,0,140428.18,0.36,234,0,0,CUST00668
CR00669,771,2024-09-10,2,0,4,78821.44,0.31,294,0,0,CUST00669
CR00670,543,2024-12-17,7,2,0,146142.17,0.71,101,0,1,CUST00670
CR00671,372,2025-03-13,10,3,0,142377.06,0.69,219,0,0,CUST00671
CR00672,309,2024-03-03,9,2,3,73648.07,0.96,281,0,0,CUST00672
CR00673,835,2023-11-27,14,3,1,105834.55,1.26,233,0,0,CUST00673
CR00674,581,2023-09-23,1,3,4,68832.15,1.27,85,0,0,CUST00674
CR00675,539,2025-01-06,5,4,0,42162.39,0.37,129,0,0,CUST00675
CR00676,730,2024-08-10,10,4,1,144767.82,1.0,59,0,0,CUST00676
CR00677,359,2025-05-27,13,0,0,92872.01,0.9,70,0,0,CUST00677
CR00678,457,2024-01-19,9,0,0,142521.65,1.28,80,1,0,CUST00678
CR00679,748,2025-02-22,9,0,1,146848.49,0.32,327,0,1,CUST00679
CR00680,444,2023-11-11,12,5,3,59163.34,1.04,142,0,0,CUST00680
CR00681,477,2023-09-09,5,5,1,81356.27,0.52,258,0,0,CUST00681
CR00682,673,2024-04-30,14,1,0,51506.3,1.31,215,0,0,CUST00682
CR00683,838,2023-10-02,6,1,4,112031.86,0.36,313,0,0,CUST00683
CR00684,536,2025-05-16,3,4,4,56084.79,0.43,146,1,0,CUST00684
CR00685,772,2024-02-26,11,3,3,125305.87,0.59,28,0,0,CUST00685
CR00686,785,2025-02-23,6,4,2,117713.21,0.88,313,0,0,CUST00686
CR00687,635,2025-05-25,5,1,0,115267.37,1.48,184,0,0,CUST00687
CR00688,362,2025-03-31,8,3,0,99941.75,0.65,333,0,0,CUST00688
CR00689,760,2024-04-14,11,4,2,102757.11,0.99,137,0,0,CUST00689
CR00690,771,2024-01-17,3,5,3,41393.14,1.06,65,0,1,CUST00690
CR00691,477,2024-12-13,2,2,0,134756.03,0.13,265,0,0,CUST00691
CR00692,425,2024-01-26,14,5,3,112144.6,1.24,348,0,0,CUST00692
CR00693,322,2025-01-04,6,5,4,89836.28,0.82,270,1,0,CUST00693
CR00694,389,2024-05-05,4,4,3,79839.55,0.53,63,0,0,CUST00694
CR00695,599,2024-10-27,10,4,3,61604.58,0.68,62,0,0,CUST00695
CR00696,483,2023-06-04,7,1,0,71714.88,0.37,70,0,0,CUST00696
CR00697,766,2025-03-15,13,0,0,10100.32,1.38,357,0,0,CUST00697
CR00698,716,2024-02-15,6,2,4,115287.95,0.34,240,0,0,CUST00698
CR00699,340,2024-02-02,10,2,2,131343.37,1.5,327,1,1,CUST00699
CR00700,801,2024-11-09,3,5,0,127604.92,0.96,153,1,0,CUST00700
CR00701,796,2025-02-26,12,2,0,47255.2,0.57,170,0,0,CUST00701
CR00702,771,2023-10-19,10,0,4,69777.23,0.58,98,0,0,CUST00702
CR00703,547,2024-11-06,5,2,4,122084.3,0.25,200,0,0,CUST00703
CR00704,611,2024-11-17,5,0,4,130726.6,1.43,143,0,0,CUST00704
CR00705,496,2024-08-02,6,1,1,142224.9,0.68,65,0,0,CUST00705
CR00706,499,2024-10-11,4,4,4,8272.44,0.26,98,0,0,CUST00706
CR00707,341,2023-06-07,12,0,1,118669.65,0.55,229,0,0,CUST00707
CR00708,771,2024-07-10,2,5,4,93839.23,0.92,152,0,0,CUST00708
CR00709,320,2023-11-15,3,0,2,71143.02,0.79,96,0,0,CUST00709
CR00710,820,2024-07-05,9,0,0,13876.42,0.93,244,0,0,CUST00710
CR00711,388,2024-10-16,6,3,3,107070.82,1.42,165,0,0,CUST00711
CR00712,720,2024-02-12,13,0,0,83673.44,0.43,139,0,0,CUST00712
CR00713,336,2023-12-25,7,0,4,134644.43,1.39,43,0,0,CUST00713
CR00714,781,2024-09-16,3,3,3,95235.91,1.09,91,0,0,CUST00714
CR00715,774,2023-11-15,12,4,2,137913.25,1.09,286,0,0,CUST00715
CR00716,756,2023-09-11,11,0,3,102893.83,0.68,136,0,0,CUST00716
CR00717,817,2023-10-21,9,4,2,128274.93,1.5,332,1,0,CUST00717
CR00718,686,2024-02-03,10,0,1,45755.71,1.04,349,0,0,CUST00718
CR00719,445,2024-04-09,13,0,0,35625.2,0.54,330,0,0,CUST00719
CR00720,840,2024-10-13,12,0,4,145826.89,0.71,339,0,0,CUST00720
CR00721,332,2024-12-01,9,5,1,59067.09,0.3,221,1,0,CUST00721
CR00722,472,2025-05-10,1,1,2,126491.62,1.34,105,0,0,CUST00722
CR00723,437,2024-09-22,9,4,0,68553.3,0.47,328,0,0,CUST00723
CR00724,500,2024-07-21,4,1,1,26380.69,0.2,344,0,0,CUST00724
CR00725,559,2024-03-16,5,4,4,27681.9,1.29,227,0,0,CUST00725
CR00726,841,2024-11-20,9,5,0,9559.66,1.12,277,0,0,CUST00726
CR00727,376,2023-06-27,13,5,2,148017.59,0.82,21,0,1,CUST00727
CR00728,376,2023-12-25,1,2,2,81831.97,0.96,243,0,0,CUST00728
CR00729,630,2024-02-14,11,0,3,49404.69,1.27,341,0,0,CUST00729
CR00730,558,2023-12-23,4,2,0,103327.76,0.68,101,0,0,CUST00730
CR00731,376,2025-04-21,1,4,4,9864.15,0.88,115,0,0,CUST00731
CR00732,777,2024-03-28,3,0,4,52369.91,0.71,313,0,0,CUST00732
CR00733,464,2023-07-20,7,2,1,25610.42,1.0,317,0,0,CUST00733
CR00734,321,2024-06-19,13,1,2,107592.64,0.75,199,0,0,CUST00734
CR00735,755,2025-04-02,9,1,1,17698.31,0.99,101,0,0,CUST00735
CR00736,323,2024-01-15,12,4,1,121849.37,1.49,292,0,0,CUST00736
CR00737,719,2025-01-27,9,3,0,123226.42,1.35,305,0,0,CUST00737
CR00738,769,2025-04-06,9,4,1,134313.93,0.38,26,0,0,CUST00738
CR00739,487,2025-05-06,13,0,0,81535.94,1.2,280,0,0,CUST00739
CR00740,840,2024-08-03,6,0,4,52043.54,0.57,213,0,0,CUST00740
CR00741,440,2023-12-22,10,1,3,132484.63,0.12,51,0,0,CUST00741
CR00742,601,2025-01-15,6,4,4,103440.62,0.65,44,0,0,CUST00742
CR00743,607,2023-09-21,9,2,3,140843.75,0.33,265,0,0,CUST00743
CR00744,724,2024-04-01,10,4,3,60278.34,1.49,359,0,0,CUST00744
CR00745,676,2023-08-05,7,0,2,19992.27,0.7,67,0,0,CUST00745
CR00746,652,2024-09-27,7,4,2,87186.89,0.6,237,0,0,CUST00746
CR00747,544,2024-12-15,3,5,3,141893.74,0.57,132,0,0,CUST00747
CR00748,413,2023-11-18,4,5,4,27951.51,0.74,240,1,0,CUST00748
CR00749,681,2023-08-20,14,0,2,68728.63,0.19,122,0,0,CUST00749
CR00750,443,2024-07-18,2,4,3,22162.52,1.0,282,0,0,CUST00750
CR00751,533,2023-11-27,7,4,0,132875.98,0.67,234,0,0,CUST00751
CR00752,727,2023-11-29,9,5,3,146105.98,0.37,157,1,0,CUST00752
CR00753,563,2023-10-30,11,0,2,93574.71,1.32,232,0,0,CUST00753
CR00754,303,2024-02-27,9,3,1,71298.41,0.87,103,0,0,CUST00754
CR00755,699,2025-01-31,11,1,4,63022.51,0.31,258,0,0,CUST00755
CR00756,846,2024-09-20,12,4,0,62870.86,0.68,174,0,0,CUST00756
CR00757,354,2024-02-13,7,4,3,11475.88,0.53,347,0,0,CUST00757
CR00758,602,2024-07-18,11,5,2,82936.59,0.17,12,0,0,CUST00758
CR00759,837,2024-01-15,7,4,2,98318.55,0.25,338,0,0,CUST00759
CR00760,350,2023-10-23,1,3,2,128735.24,1.31,122,0,0,CUST00760
CR00761,655,2023-12-17,5,4,3,53894.3,0.47,30,0,0,CUST00761
CR00762,763,2025-01-22,8,1,0,35382.52,0.3,247,1,1,CUST00762
CR00763,610,2024-04-14,3,4,1,142780.62,0.19,49,0,0,CUST00763
CR00764,749,2023-07-24,12,5,2,10595.78,1.33,232,0,1,CUST00764
CR00765,432,2024-02-08,7,4,4,65948.63,1.35,233,0,0,CUST00765
CR00766,421,2025-02-17,11,4,0,138650.37,1.16,88,0,0,CUST00766
CR00767,520,2023-06-12,3,2,2,36859.8,0.71,280,0,0,CUST00767
CR00768,737,2025-05-04,8,4,0,104595.64,1.38,278,0,0,CUST00768
CR00769,781,2023-07-28,3,2,3,47396.7,1.09,164,0,0,CUST00769
CR00770,520,2025-04-13,1,1,0,63673.53,0.19,287,0,0,CUST00770
CR00771,804,2023-06-23,14,3,0,97320.47,0.41,139,0,0,CUST00771
CR00772,842,2023-12-04,6,1,3,134643.25,0.8,142,0,0,CUST00772
CR00773,660,2025-04-07,4,2,1,124801.52,0.42,82,0,0,CUST00773
CR00774,765,2025-05-10,3,1,0,20845.52,1.21,93,0,0,CUST00774
CR00775,311,2024-11-30,7,0,0,43900.02,0.16,282,0,0,CUST00775
CR00776,528,2025-02-11,3,0,3,25104.62,0.28,36,0,0,CUST00776
CR00777,618,2023-10-16,13,3,0,56962.57,0.36,144,0,0,CUST00777
CR00778,623,2023-09-23,4,3,2,141017.81,0.31,77,0,0,CUST00778
CR00779,444,2023-07-17,4,1,1,23835.33,1.1,77,0,0,CUST00779
CR00780,341,2025-05-04,13,0,2,25567.44,0.4,303,0,0,CUST00780
CR00781,396,2023-12-21,7,5,1,38306.84,0.44,88,0,0,CUST00781
CR00782,561,2024-06-20,10,2,4,137449.48,0.67,199,0,0,CUST00782
CR00783,631,2024-06-30,14,0,2,121169.87,0.95,126,0,0,CUST00783
CR00784,544,2025-01-18,2,5,1,49256.11,1.46,121,0,0,CUST00784
CR00785,466,2024-01-15,9,3,2,29897.95,0.84,285,1,0,CUST00785
CR00786,338,2023-11-22,9,3,0,54030.3,0.25,134,1,0,CUST00786
CR00787,606,2023-09-22,2,0,3,93242.88,1.46,208,0,0,CUST00787
CR00788,742,2023-11-15,4,4,0,105187.95,0.67,219,0,0,CUST00788
CR00789,606,2024-08-07,10,5,0,107758.72,0.26,198,0,0,CUST00789
CR00790,431,2024-08-13,8,2,2,31281.29,1.1,81,0,0,CUST00790
CR00791,480,2025-02-13,3,1,0,65991.38,0.77,186,0,0,CUST00791
CR00792,702,2024-12-03,14,2,4,33245.1,1.24,285,0,0,CUST00792
CR00793,307,2023-06-26,1,2,2,10847.16,0.23,194,0,0,CUST00793
CR00794,392,2023-06-08,5,1,3,26643.86,0.44,264,0,0,CUST00794
CR00795,615,2023-10-08,6,0,1,53576.24,0.39,252,0,0,CUST00795
CR00796,715,2024-02-26,8,2,2,64073.76,1.41,24,0,0,CUST00796
CR00797,747,2024-02-09,1,0,1,131866.21,1.24,274,0,0,CUST00797
CR00798,551,2024-05-18,12,0,3,20388.19,1.06,250,0,0,CUST00798
CR00799,808,2024-11-08,6,1,4,135180.39,0.59,238,0,1,CUST00799
CR00800,385,2024-06-23,11,5,3,34434.07,0.73,132,0,0,CUST00800
CR00801,608,2024-09-10,11,5,4,19754.41,0.17,238,0,0,CUST00801
CR00802,621,2023-12-15,13,5,4,57187.54,1.03,302,0,0,CUST00802
CR00803,807,2023-08-22,14,1,1,95297.49,0.68,165,0,0,CUST00803
CR00804,819,2024-08-24,5,5,2,114968.53,0.13,119,0,0,CUST00804
CR00805,759,2024-09-16,4,4,0,105924.55,0.58,345,0,0,CUST00805
CR00806,392,2025-03-08,9,3,1,78911.65,0.69,148,0,0,CUST00806
CR00807,564,2024-02-23,7,2,1,120542.99,0.28,72,0,0,CUST00807
CR00808,554,2023-07-17,5,1,3,105515.38,0.2,80,0,0,CUST00808
CR00809,477,2025-02-24,9,4,1,42560.1,1.09,58,0,0,CUST00809
CR00810,542,2024-09-15,3,2,2,94386.83,1.48,165,0,0,CUST00810
CR00811,421,2023-12-13,12,2,0,113277.78,1.3,358,0,0,CUST00811
CR00812,579,2024-09-14,8,0,4,14425.11,1.26,347,0,0,CUST00812
CR00813,339,2024-10-26,7,5,4,121445.97,0.7,189,0,0,CUST00813
CR00814,758,2024-02-01,1,1,4,118835.42,1.25,184,0,0,CUST00814
CR00815,672,2025-05-12,1,5,3,131437.84,0.24,320,0,0,CUST00815
CR00816,555,2025-03-13,1,3,2,45879.79,0.84,70,0,0,CUST00816
CR00817,772,2023-10-17,4,5,4,79982.53,1.17,177,1,0,CUST00817
CR00818,734,2024-02-25,1,4,3,104940.38,0.95,110,0,0,CUST00818
CR00819,526,2024-10-10,7,2,1,51976.99,0.92,354,0,0,CUST00819
CR00820,391,2024-08-05,6,3,3,53320.05,0.93,190,1,0,CUST00820
CR00821,579,2023-08-23,3,2,3,30462.02,0.19,175,0,0,CUST00821
CR00822,603,2023-12-03,5,4,1,128248.2,1.28,25,0,0,CUST00822
CR00823,690,2024-03-03,5,4,1,78909.86,0.63,207,1,0,CUST00823
CR00824,607,2024-11-26,12,2,0,26730.11,0.9,153,0,0,CUST00824
CR00825,753,2024-01-06,11,1,3,43909.27,1.08,88,0,0,CUST00825
CR00826,310,2024-12-21,5,0,3,40778.38,0.73,139,0,0,CUST00826
CR00827,506,2024-07-17,14,2,4,12691.65,0.86,245,0,0,CUST00827
CR00828,441,2025-05-16,8,5,0,118921.66,1.04,355,0,0,CUST00828
CR00829,440,2024-08-13,9,0,1,60387.11,1.44,19,0,0,CUST00829
CR00830,796,2025-04-26,6,5,2,143231.41,0.24,166,0,1,CUST00830
CR00831,610,2025-02-14,1,3,1,13083.69,0.17,203,0,0,CUST00831
CR00832,577,2024-07-31,1,1,4,27568.96,0.65,312,0,0,CUST00832
CR00833,314,2024-10-02,4,4,2,116035.68,0.23,87,0,0,CUST00833
CR00834,723,2023-09-02,5,4,2,46694.76,0.57,355,0,0,CUST00834
CR00835,558,2023-07-26,12,2,1,101442.43,1.07,273,0,0,CUST00835
CR00836,705,2024-10-19,8,4,0,31901.27,1.01,338,0,0,CUST00836
CR00837,680,2025-06-01,9,4,1,43208.54,0.6,190,0,0,CUST00837
CR00838,848,2024-04-20,6,1,1,8263.13,0.72,15,0,0,CUST00838
CR00839,324,2023-07-11,7,4,2,85771.9,1.2,196,0,0,CUST00839
CR00840,697,2024-02-20,4,4,3,111445.74,1.03,208,0,0,CUST00840
CR00841,531,2024-05-16,7,3,3,121371.86,1.28,232,0,0,CUST00841
CR00842,662,2023-09-21,14,0,4,29223.07,1.49,26,0,0,CUST00842
CR00843,770,2024-04-21,13,0,4,65811.24,1.45,68,0,0,CUST00843
CR00844,559,2023-11-28,5,4,2,34302.06,1.43,52,0,0,CUST00844
CR00845,813,2024-10-09,14,2,1,15129.98,1.05,349,0,0,CUST00845
CR00846,837,2025-04-02,2,2,2,133327.22,0.41,60,0,0,CUST00846
CR00847,404,2024-11-01,9,4,2,127866.48,0.11,271,0,0,CUST00847
CR00848,630,2025-03-03,5,0,0,58186.85,0.66,293,0,0,CUST00848
CR00849,329,2023-12-24,10,3,0,64162.91,1.06,116,0,0,CUST00849
CR00850,346,2024-10-25,7,4,4,149008.74,0.25,83,1,0,CUST00850
CR00851,328,2023-07-09,14,4,4,149421.85,0.35,270,0,0,CUST00851
CR00852,845,2023-08-13,13,0,3,42643.54,0.7,257,0,0,CUST00852
CR00853,716,2024-08-23,6,4,2,122301.77,1.22,154,0,0,CUST00853
CR00854,579,2024-10-20,13,4,3,43430.06,0.85,109,0,0,CUST00854
CR00855,300,2025-02-08,12,1,3,99420.66,1.18,197,0,0,CUST00855
CR00856,461,2025-02-22,9,4,3,82889.55,0.38,155,1,0,CUST00856
CR00857,766,2023-12-17,6,2,2,135328.23,1.4,21,0,0,CUST00857
CR00858,386,2023-09-06,7,1,2,142339.74,0.29,15,0,0,CUST00858
CR00859,354,2024-06-20,10,2,3,26518.25,0.66,98,0,0,CUST00859
CR00860,700,2023-09-22,6,1,3,65405.87,1.01,112,0,0,CUST00860
CR00861,595,2024-03-12,1,3,1,6750.14,0.83,101,1,0,CUST00861
CR00862,631,2023-09-08,3,0,3,55728.28,0.98,113,0,0,CUST00862
CR00863,464,2023-06-08,13,2,2,109919.2,1.23,71,0,0,CUST00863
CR00864,844,2025-05-29,12,4,3,133085.71,0.79,348,0,0,CUST00864
CR00865,585,2025-05-03,12,3,3,95391.61,1.03,163,0,0,CUST00865
CR00866,312,2025-05-03,11,1,3,60949.62,1.47,295,0,0,CUST00866
CR00867,312,2024-01-01,5,3,2,65720.05,0.7,141,0,0,CUST00867
CR00868,804,2024-11-03,4,3,2,74704.9,1.4,350,0,0,CUST00868
CR00869,801,2023-08-19,1,5,3,143886.12,1.3,113,0,0,CUST00869
CR00870,603,2025-01-12,7,5,4,121871.7,0.45,246,0,0,CUST00870
CR00871,346,2023-12-19,5,2,3,82611.65,1.09,155,1,0,CUST00871
CR00872,531,2025-06-01,14,3,1,122737.32,0.55,64,0,0,CUST00872
CR00873,691,2023-06-25,7,4,1,111174.5,0.22,197,0,0,CUST00873
CR00874,523,2025-02-18,4,3,1,77548.38,0.78,69,0,0,CUST00874
CR00875,531,2023-10-10,6,3,1,85063.32,1.15,31,0,0,CUST00875
CR00876,333,2024-03-11,12,4,2,10295.46,0.97,44,0,0,CUST00876
CR00877,719,2024-03-23,7,2,4,95960.98,0.52,227,0,0,CUST00877
CR00878,629,2023-09-27,11,4,4,61760.87,0.47,343,0,0,CUST00878
CR00879,573,2024-01-06,13,4,4,120749.58,1.2,180,0,0,CUST00879
CR00880,777,2024-11-04,13,0,1,7761.29,1.13,30,0,1,CUST00880
CR00881,331,2023-11-13,5,1,4,81209.01,0.8,156,0,0,CUST00881
CR00882,345,2024-06-22,8,4,2,93153.87,0.25,105,0,0,CUST00882
CR00883,345,2024-08-26,6,3,2,105808.3,0.69,14,0,0,CUST00883
CR00884,810,2024-04-24,13,3,1,5632.14,1.39,70,0,0,CUST00884
CR00885,602,2024-02-24,13,5,0,140317.63,1.41,108,0,0,CUST00885
CR00886,675,2025-03-11,6,5,3,67181.66,0.66,331,0,0,CUST00886
CR00887,843,2024-06-15,12,3,0,77912.24,0.17,172,0,0,CUST00887
CR00888,733,2024-12-05,3,2,4,96164.6,0.88,293,0,0,CUST00888
CR00889,739,2024-09-05,14,5,1,7830.77,1.26,348,0,0,CUST00889
CR00890,540,2023-07-01,13,2,3,81425.29,0.15,304,0,0,CUST00890
CR00891,386,2024-09-29,14,5,0,22902.22,1.47,152,0,0,CUST00891
CR00892,593,2025-05-01,2,5,3,17760.87,1.35,115,0,0,CUST00892
CR00893,527,2025-05-23,12,0,2,50585.83,1.23,184,0,0,CUST00893
CR00894,650,2024-05-25,13,3,1,88659.08,0.48,354,0,0,CUST00894
CR00895,592,2023-10-14,13,3,1,98511.42,1.29,189,0,0,CUST00895
CR00896,826,2024-10-08,11,0,2,6688.51,0.88,136,0,0,CUST00896
CR00897,795,2024-03-08,6,5,2,84675.99,1.05,282,0,0,CUST00897
CR00898,831,2023-08-17,1,0,3,52668.17,1.11,146,0,0,CUST00898
CR00899,500,2023-11-25,9,1,2,93726.09,0.62,89,0,0,CUST00899
CR00900,672,2024-03-01,1,2,0,98136.35,1.05,143,0,0,CUST00900
CR00901,467,2025-05-11,13,3,1,11862.06,0.16,72,0,0,CUST00901
CR00902,316,2024-04-08,1,0,3,28431.7,0.27,172,0,0,CUST00902
CR00903,684,2023-09-15,13,5,2,116719.81,0.96,121,0,0,CUST00903
CR00904,702,2023-07-24,3,3,3,49308.59,0.82,68,0,0,CUST00904
CR00905,361,2025-01-12,7,4,1,45818.9,0.44,30,0,0,CUST00905
CR00906,763,2025-02-15,6,0,4,96943.33,1.48,275,0,0,CUST00906
CR00907,471,2024-07-01,9,2,1,80027.72,0.71,37,0,0,CUST00907
CR00908,761,2023-10-08,8,0,4,129573.9,0.42,73,0,0,CUST00908
CR00909,352,2025-04-28,8,3,1,45037.2,1.4,276,0,0,CUST00909
CR00910,712,2025-01-17,5,2,2,58649.84,1.14,279,0,0,CUST00910
CR00911,676,2024-08-20,13,5,4,52964.98,1.16,325,0,0,CUST00911
CR00912,417,2025-05-30,5,3,2,93763.01,0.71,157,0,0,CUST00912
CR00913,659,2024-01-21,5,0,3,46895.87,0.22,161,0,0,CUST00913
CR00914,650,2023-10-28,3,1,1,139926.74,1.22,337,0,0,CUST00914
CR00915,546,2023-10-31,2,4,3,83304.23,0.75,332,0,0,CUST00915
CR00916,599,2025-02-26,3,2,3,41334.33,0.66,178,0,0,CUST00916
CR00917,504,2025-05-30,11,1,2,104942.94,1.41,220,0,0,CUST00917
CR00918,729,2023-11-17,4,1,3,85072.23,1.03,253,0,0,CUST00918
CR00919,659,2023-08-30,12,1,1,91412.45,0.14,32,0,0,CUST00919
CR00920,745,2024-12-03,9,4,4,125949.61,1.2,247,0,0,CUST00920
CR00921,367,2025-03-17,13,3,2,100136.12,0.39,228,0,0,CUST00921
CR00922,500,2025-04-23,6,1,2,53359.29,0.41,104,0,0,CUST00922
CR00923,627,2024-07-14,1,4,4,43554.81,0.71,35,0,0,CUST00923
CR00924,528,2024-08-07,4,2,4,38619.64,1.22,147,0,0,CUST00924
CR00925,714,2023-06-06,9,5,1,103040.56,1.08,329,1,0,CUST00925
CR00926,388,2024-10-11,4,3,3,127260.8,0.77,145,0,0,CUST00926
CR00927,735,2023-12-11,3,5,0,64914.49,1.33,303,0,0,CUST00927
CR00928,668,2023-11-02,5,5,1,106618.6,1.4,238,0,0,CUST00928
CR00929,788,2024-03-07,1,4,2,96549.73,0.94,35,0,0,CUST00929
CR00930,727,2024-06-19,14,1,2,61916.3,0.51,193,0,0,CUST00930
CR00931,310,2024-01-11,6,3,2,111838.44,0.77,14,0,0,CUST00931
CR00932,771,2024-11-10,11,5,3,19576.9,0.79,288,0,0,CUST00932
CR00933,641,2025-02-10,3,5,3,76415.67,1.38,136,0,0,CUST00933
CR00934,646,2024-06-14,8,3,3,108961.41,1.33,41,0,0,CUST00934
CR00935,838,2025-03-02,9,5,3,70794.3,0.81,270,0,0,CUST00935
CR00936,427,2024-03-31,3,2,4,143810.47,0.55,61,0,0,CUST00936
CR00937,682,2024-12-10,7,5,4,122524.89,1.47,59,0,0,CUST00937
CR00938,648,2023-08-07,4,5,4,109619.21,0.22,21,0,0,CUST00938
CR00939,303,2024-08-27,12,1,3,120306.41,1.46,266,0,0,CUST00939
CR00940,801,2023-07-08,9,4,4,7585.9,0.86,47,0,0,CUST00940
CR00941,547,2024-07-21,5,5,1,76561.97,1.33,274,0,0,CUST00941
CR00942,593,2024-01-27,11,0,0,136107.73,0.94,246,0,0,CUST00942
CR00943,742,2024-06-21,13,2,3,35400.83,1.34,333,1,0,CUST00943
CR00944,417,2025-01-20,1,5,2,35163.56,0.57,218,0,0,CUST00944
CR00945,584,2025-04-07,9,4,4,109704.13,0.34,81,0,0,CUST00945
CR00946,742,2024-02-03,9,0,2,13453.09,1.5,111,0,0,CUST00946
CR00947,545,2024-04-07,3,2,1,38119.3,1.25,357,0,0,CUST00947
CR00948,324,2023-10-28,6,4,3,15062.32,1.22,77,0,0,CUST00948
CR00949,395,2024-09-04,12,1,4,117807.74,0.79,54,0,0,CUST00949
CR00950,348,2024-01-06,3,2,0,88820.88,0.63,82,0,0,CUST00950
CR00951,366,2024-04-01,13,1,1,84625.88,1.43,112,0,0,CUST00951
CR00952,547,2025-05-28,6,0,2,83244.3,0.28,162,0,0,CUST00952
CR00953,380,2024-01-05,10,0,0,82546.14,0.38,241,0,0,CUST00953
CR00954,319,2024-10-24,1,0,1,49272.26,1.36,280,0,0,CUST00954
CR00955,657,2024-05-16,6,4,4,35893.32,0.96,43,0,0,CUST00955
CR00956,615,2023-10-31,11,4,3,86012.51,0.18,221,1,0,CUST00956
CR00957,667,2023-11-22,13,5,4,105983.48,0.33,315,0,0,CUST00957
CR00958,578,2025-04-18,14,3,4,11462.66,1.46,165,0,0,CUST00958
CR00959,676,2025-05-22,4,5,2,56474.28,0.2,277,0,0,CUST00959
CR00960,588,2024-07-10,2,1,1,7854.07,1.13,335,0,0,CUST00960
CR00961,329,2023-06-06,3,4,3,45947.58,1.27,27,0,0,CUST00961
CR00962,745,2023-10-07,1,3,2,123201.13,1.47,62,0,0,CUST00962
CR00963,677,2024-03-20,3,3,1,6128.68,1.15,354,0,0,CUST00963
CR00964,799,2023-12-02,5,3,3,11292.59,0.59,17,0,0,CUST00964
CR00965,732,2024-12-15,7,5,1,15745.77,0.75,179,0,0,CUST00965
CR00966,311,2024-12-25,1,4,1,10714.38,0.92,311,0,0,CUST00966
CR00967,381,2023-12-06,1,0,4,32407.51,0.76,315,0,0,CUST00967
CR00968,789,2024-06-26,13,3,2,46268.49,0.61,88,0,0,CUST00968
CR00969,656,2024-02-11,9,0,1,16349.8,1.41,168,0,0,CUST00969
CR00970,670,2024-12-05,11,0,0,9899.43,0.93,175,0,0,CUST00970
CR00971,553,2023-11-25,2,3,4,26116.17,0.15,117,0,0,CUST00971
CR00972,364,2024-09-09,3,2,1,49947.12,1.41,16,0,0,CUST00972
CR00973,393,2023-11-26,10,4,1,90088.96,1.27,19,0,0,CUST00973
CR00974,773,2024-09-12,1,1,1,127273.0,0.79,282,0,0,CUST00974
CR00975,364,2024-06-26,12,5,1,109100.87,1.14,21,0,1,CUST00975
CR00976,763,2023-08-22,6,2,0,7059.31,0.31,325,0,0,CUST00976
CR00977,367,2025-05-06,6,4,1,69662.36,0.41,285,0,0,CUST00977
CR00978,665,2024-04-28,14,1,4,54751.75,0.44,152,1,0,CUST00978
CR00979,589,2024-06-10,7,4,0,117220.74,1.24,62,0,0,CUST00979
CR00980,307,2024-09-18,1,4,4,135994.12,0.25,204,0,0,CUST00980
CR00981,361,2025-03-02,6,1,0,138607.88,0.69,105,0,0,CUST00981
CR00982,824,2025-01-13,5,2,2,121430.11,0.7,348,0,0,CUST00982
CR00983,363,2023-10-06,5,1,1,101397.12,0.5,78,0,0,CUST00983
CR00984,725,2025-03-18,3,1,2,75120.99,0.8,213,0,0,CUST00984
CR00985,493,2023-10-14,5,2,0,148139.34,0.55,290,0,1,CUST00985
CR00986,821,2025-05-08,5,1,1,135807.72,1.38,333,0,0,CUST00986
CR00987,335,2024-03-04,11,2,0,92036.69,0.27,55,0,0,CUST00987
CR00988,766,2024-08-09,3,5,4,104427.55,1.01,32,0,0,CUST00988
CR00989,713,2023-07-25,11,3,1,52227.56,1.11,143,0,0,CUST00989
CR00990,312,2024-03-20,3,1,1,46401.14,0.52,101,0,0,CUST00990
CR00991,494,2024-02-29,13,1,4,35002.85,1.36,175,0,0,CUST00991
CR00992,794,2023-06-18,1,4,3,108767.15,1.22,153,0,0,CUST00992
CR00993,537,2024-09-27,10,4,1,36596.15,1.01,139,0,0,CUST00993
CR00994,305,2024-11-02,5,2,3,15669.29,0.98,311,0,0,CUST00994
CR00995,349,2024-11-03,5,5,4,145095.81,1.25,324,0,0,CUST00995
CR00996,374,2023-09-08,3,3,4,113206.96,0.95,226,0,0,CUST00996
CR00997,686,2024-08-25,14,5,3,71331.94,0.82,256,0,0,CUST00997
CR00998,481,2024-02-24,14,4,0,140252.97,0.58,141,0,0,CUST00998
CR00999,495,2024-07-06,6,3,2,40193.67,1.49,283,0,0,CUST00999
